transaction_id,user_id,device_id,card_id,ip_address,merchant_id,amount,timestamp,channel,country,is_fraud
T000001,U0328,D0029,C0251,IP0013,M0036,44.82,2026-01-22T23:25:00,web,IN,0
T000002,U0378,D0027,C0433,IP0045,M0076,445.51,2026-02-24T12:21:00,web,US,0
T000003,U0048,D0056,C0617,IP0120,M0065,47.77,2026-02-14T05:09:00,web,NG,0
T000004,U0102,D0167,C0460,IP0215,M0029,281.55,2026-01-17T08:01:00,pos,GB,0
T000005,U0415,D0002,C0349,IP0082,M0055,154.12,2026-02-02T19:32:00,mobile,IN,0
T000006,U0111,D0087,C0390,IP0053,M0012,71.56,2026-01-11T14:33:00,web,GB,0
T000007,U0434,D0089,C0471,IP0136,M0006,602.92,2026-01-06T16:21:00,pos,US,0
T000008,U0499,D0097,C0301,IP0041,M0071,151.41,2026-02-08T23:46:00,pos,NG,0
T000009,U0454,D0093,C0047,IP0099,M0009,173.62,2026-02-10T15:53:00,pos,IN,0
T000010,U0396,D0075,C0104,IP0041,M0030,48.11,2026-01-07T04:54:00,mobile,GB,0
T000011,U0233,D0163,C0380,IP0187,M0021,229.33,2026-01-18T16:26:00,mobile,IN,0
T000012,U0344,D0069,C0176,IP0037,M0078,166.25,2026-01-02T08:50:00,pos,BR,0
T000013,U0126,D0042,C0277,IP0237,M0049,2239.17,2026-01-27T11:16:00,pos,BR,0
T000014,U0286,D0057,C0235,IP0167,M0008,158.81,2026-02-26T06:28:00,web,RU,0
T000015,U0162,D0103,C0217,IP0138,M0009,65.88,2026-01-18T01:45:00,pos,BR,0
T000016,U0162,D0055,C0470,IP0256,M0051,103.69,2026-01-02T07:07:00,web,GB,0
T000017,U0072,D0064,C0439,IP0135,M0075,74.72,2026-01-08T03:10:00,pos,CA,0
T000018,U0186,D0057,C0506,IP0071,M0066,138.42,2026-01-17T20:58:00,web,RU,0
T000019,U0025,D0029,C0164,IP0079,M0081,37.15,2026-01-15T04:29:00,pos,CA,0
T000020,U0306,D0017,C0611,IP0198,M0049,53.44,2026-01-03T05:52:00,mobile,NG,0
T000021,U0129,D0142,C0118,IP0006,M0088,308.45,2026-02-08T02:09:00,pos,NG,0
T000022,U0385,D0069,C0301,IP0175,M0015,63.13,2026-01-18T10:55:00,mobile,IN,0
T000023,U0233,D0001,C0183,IP0135,M0065,35.67,2026-02-28T03:53:00,pos,US,0
T000024,U0446,D0161,C0520,IP0153,M0082,142.59,2026-03-01T13:01:00,pos,IN,0
T000025,U0079,D0096,C0544,IP0083,M0070,448.54,2026-01-02T07:50:00,web,NG,0
T000026,U0166,D0126,C0372,IP0010,M0015,186.56,2026-02-16T07:41:00,mobile,IN,0
T000027,U0030,D0062,C0498,IP0041,M0011,35.71,2026-02-26T20:43:00,web,RU,0
T000028,U0273,D0033,C0487,IP0066,M0085,101.54,2026-01-15T10:59:00,pos,IN,0
T000029,U0136,D0136,C0553,IP0217,M0028,40.16,2026-01-17T19:55:00,pos,BR,0
T000030,U0103,D0080,C0383,IP0205,M0086,120.89,2026-01-19T14:51:00,mobile,NG,1
T000031,U0232,D0031,C0066,IP0127,M0029,496.45,2026-01-17T18:11:00,mobile,US,1
T000032,U0302,D0142,C0226,IP0118,M0076,115.73,2026-01-08T21:49:00,web,US,0
T000033,U0363,D0162,C0070,IP0031,M0030,50.49,2026-02-21T20:36:00,web,RU,0
T000034,U0170,D0019,C0498,IP0122,M0036,125.29,2026-02-18T05:56:00,web,NG,0
T000035,U0068,D0147,C0485,IP0243,M0032,331.21,2026-01-31T12:03:00,mobile,IN,0
T000036,U0049,D0025,C0434,IP0221,M0046,60.59,2026-02-09T18:31:00,mobile,CA,0
T000037,U0443,D0014,C0413,IP0051,M0008,144.98,2026-02-20T10:44:00,pos,GB,0
T000038,U0410,D0028,C0195,IP0128,M0025,1506.39,2026-01-07T08:29:00,pos,CA,0
T000039,U0072,D0109,C0474,IP0094,M0036,91.16,2026-01-26T22:11:00,web,RU,1
T000040,U0473,D0020,C0101,IP0227,M0071,405.8,2026-01-29T01:01:00,web,BR,0
T000041,U0277,D0015,C0171,IP0012,M0089,103.27,2026-02-15T21:48:00,mobile,CA,1
T000042,U0247,D0055,C0169,IP0206,M0008,373.85,2026-02-06T08:39:00,mobile,US,0
T000043,U0200,D0068,C0434,IP0233,M0037,28.02,2026-02-01T20:39:00,pos,BR,0
T000044,U0402,D0143,C0195,IP0250,M0020,762.74,2026-01-15T20:53:00,mobile,IN,1
T000045,U0496,D0015,C0059,IP0032,M0041,84.08,2026-01-22T11:19:00,web,NG,1
T000046,U0245,D0129,C0521,IP0081,M0008,95.08,2026-01-09T18:29:00,web,RU,1
T000047,U0096,D0018,C0241,IP0035,M0087,83.42,2026-02-04T15:28:00,mobile,US,0
T000048,U0483,D0146,C0609,IP0127,M0075,93.09,2026-01-10T05:12:00,web,NG,1
T000049,U0042,D0108,C0210,IP0162,M0034,194.72,2026-01-31T23:02:00,pos,BR,0
T000050,U0161,D0062,C0135,IP0136,M0051,128.14,2026-02-10T20:13:00,pos,BR,0
T000051,U0154,D0118,C0010,IP0162,M0010,166.75,2026-01-30T14:02:00,mobile,NG,0
T000052,U0289,D0026,C0219,IP0038,M0069,586.02,2026-01-11T21:21:00,pos,GB,1
T000053,U0068,D0090,C0379,IP0036,M0032,39.95,2026-01-06T14:22:00,mobile,IN,0
T000054,U0225,D0140,C0542,IP0155,M0079,21.23,2026-02-20T00:10:00,web,BR,0
T000055,U0419,D0142,C0107,IP0154,M0085,40.03,2026-01-20T05:48:00,web,GB,0
T000056,U0060,D0028,C0289,IP0080,M0035,90.72,2026-02-18T02:55:00,pos,IN,0
T000057,U0368,D0088,C0271,IP0105,M0088,141.54,2026-02-28T00:27:00,pos,CA,0
T000058,U0129,D0014,C0434,IP0048,M0082,144.97,2026-02-21T10:54:00,mobile,US,0
T000059,U0002,D0086,C0269,IP0067,M0082,20.97,2026-01-10T21:46:00,web,BR,0
T000060,U0227,D0142,C0010,IP0219,M0072,288.25,2026-01-26T00:19:00,web,US,0
T000061,U0484,D0177,C0037,IP0077,M0070,42.4,2026-01-15T03:02:00,mobile,NG,0
T000062,U0283,D0038,C0043,IP0221,M0017,686.98,2026-01-18T19:30:00,mobile,GB,0
T000063,U0461,D0011,C0256,IP0184,M0027,695.02,2026-01-30T08:31:00,pos,US,0
T000064,U0182,D0144,C0159,IP0209,M0080,129.87,2026-02-09T03:43:00,web,RU,0
T000065,U0084,D0046,C0184,IP0212,M0004,37.4,2026-02-05T20:19:00,pos,GB,0
T000066,U0401,D0106,C0164,IP0128,M0035,257.46,2026-02-11T16:30:00,pos,US,1
T000067,U0196,D0010,C0205,IP0241,M0029,25.23,2026-02-13T09:43:00,mobile,GB,0
T000068,U0157,D0059,C0198,IP0115,M0004,550.72,2026-01-09T05:52:00,mobile,GB,0
T000069,U0143,D0018,C0522,IP0143,M0045,44.09,2026-01-06T09:45:00,mobile,BR,0
T000070,U0432,D0138,C0119,IP0170,M0004,166.0,2026-01-16T04:52:00,mobile,IN,0
T000071,U0298,D0068,C0611,IP0020,M0014,12.29,2026-02-10T18:09:00,mobile,GB,0
T000072,U0374,D0081,C0524,IP0224,M0078,611.68,2026-02-01T08:35:00,web,CA,0
T000073,U0461,D0148,C0046,IP0098,M0033,219.4,2026-02-17T03:46:00,pos,CA,0
T000074,U0001,D0134,C0442,IP0101,M0047,283.32,2026-01-08T00:37:00,web,BR,0
T000075,U0472,D0085,C0128,IP0161,M0085,353.71,2026-02-14T07:03:00,pos,GB,0
T000076,U0260,D0080,C0413,IP0210,M0042,51.25,2026-02-23T21:38:00,pos,GB,0
T000077,U0284,D0033,C0389,IP0099,M0054,178.29,2026-01-06T04:12:00,pos,BR,0
T000078,U0463,D0045,C0562,IP0155,M0052,534.57,2026-02-26T04:01:00,web,GB,0
T000079,U0147,D0054,C0622,IP0221,M0075,148.76,2026-02-06T18:15:00,pos,GB,0
T000080,U0239,D0114,C0219,IP0227,M0087,286.23,2026-01-29T18:17:00,pos,CA,0
T000081,U0407,D0044,C0528,IP0044,M0037,1245.95,2026-02-22T16:13:00,pos,BR,0
T000082,U0318,D0086,C0318,IP0048,M0031,76.88,2026-02-08T05:23:00,web,RU,0
T000083,U0102,D0038,C0251,IP0013,M0006,24.48,2026-01-26T21:04:00,mobile,NG,0
T000084,U0436,D0019,C0645,IP0234,M0054,188.6,2026-01-18T17:19:00,pos,IN,0
T000085,U0368,D0179,C0410,IP0197,M0064,29.58,2026-01-24T10:56:00,web,IN,1
T000086,U0336,D0177,C0436,IP0003,M0014,192.36,2026-03-01T19:43:00,web,IN,0
T000087,U0412,D0179,C0571,IP0238,M0007,62.65,2026-01-09T04:35:00,web,RU,0
T000088,U0063,D0117,C0544,IP0069,M0060,206.45,2026-02-09T00:10:00,pos,NG,0
T000089,U0163,D0114,C0562,IP0259,M0055,147.94,2026-02-18T12:01:00,mobile,IN,0
T000090,U0381,D0122,C0254,IP0231,M0034,93.15,2026-01-12T21:24:00,pos,GB,1
T000091,U0393,D0134,C0245,IP0249,M0081,16.56,2026-02-28T19:16:00,mobile,CA,0
T000092,U0040,D0074,C0344,IP0121,M0035,61.67,2026-02-18T02:08:00,mobile,NG,0
T000093,U0042,D0036,C0393,IP0078,M0030,148.09,2026-02-20T18:25:00,pos,IN,1
T000094,U0362,D0055,C0418,IP0033,M0054,56.29,2026-02-11T21:17:00,mobile,NG,0
T000095,U0239,D0107,C0431,IP0032,M0027,52.59,2026-01-27T22:14:00,mobile,RU,0
T000096,U0300,D0179,C0390,IP0011,M0074,84.94,2026-01-10T07:30:00,mobile,US,0
T000097,U0483,D0091,C0430,IP0153,M0050,30.5,2026-01-31T13:24:00,pos,BR,1
T000098,U0377,D0140,C0225,IP0113,M0063,106.58,2026-01-04T06:28:00,mobile,CA,1
T000099,U0249,D0008,C0415,IP0200,M0044,66.35,2026-02-16T05:09:00,pos,IN,0
T000100,U0431,D0120,C0547,IP0066,M0080,186.4,2026-01-12T00:17:00,web,CA,0
T000101,U0304,D0145,C0439,IP0014,M0011,174.5,2026-01-15T21:32:00,web,RU,0
T000102,U0237,D0047,C0389,IP0026,M0034,353.27,2026-02-26T18:16:00,mobile,IN,0
T000103,U0233,D0084,C0285,IP0173,M0049,178.28,2026-01-28T16:47:00,mobile,GB,0
T000104,U0428,D0021,C0553,IP0241,M0003,969.69,2026-01-31T12:01:00,web,GB,0
T000105,U0115,D0167,C0042,IP0036,M0084,356.47,2026-02-06T21:09:00,web,IN,0
T000106,U0103,D0006,C0130,IP0079,M0031,166.32,2026-01-26T16:10:00,mobile,BR,0
T000107,U0059,D0145,C0263,IP0112,M0060,15.29,2026-02-06T02:15:00,mobile,IN,0
T000108,U0311,D0156,C0319,IP0059,M0021,843.22,2026-01-20T00:32:00,web,NG,0
T000109,U0014,D0080,C0204,IP0193,M0051,172.04,2026-02-05T09:11:00,web,NG,0
T000110,U0354,D0161,C0309,IP0125,M0014,225.69,2026-02-12T02:52:00,pos,NG,0
T000111,U0413,D0031,C0546,IP0022,M0045,38.79,2026-02-01T18:42:00,mobile,BR,0
T000112,U0190,D0018,C0431,IP0175,M0002,509.39,2026-02-07T13:27:00,mobile,US,0
T000113,U0222,D0093,C0446,IP0236,M0020,114.8,2026-02-14T00:05:00,web,BR,0
T000114,U0268,D0167,C0552,IP0139,M0079,51.86,2026-02-01T05:11:00,mobile,CA,0
T000115,U0224,D0152,C0252,IP0138,M0042,175.31,2026-01-05T15:48:00,web,GB,0
T000116,U0452,D0116,C0584,IP0125,M0060,309.68,2026-01-17T20:04:00,pos,BR,0
T000117,U0195,D0087,C0333,IP0015,M0064,16.6,2026-02-12T08:52:00,web,CA,1
T000118,U0109,D0091,C0287,IP0133,M0044,59.18,2026-02-21T09:25:00,pos,BR,0
T000119,U0451,D0071,C0196,IP0006,M0067,70.56,2026-01-05T14:19:00,web,IN,0
T000120,U0369,D0105,C0247,IP0251,M0072,193.46,2026-03-01T17:28:00,pos,CA,0
T000121,U0331,D0126,C0096,IP0230,M0003,111.49,2026-02-10T11:56:00,mobile,IN,1
T000122,U0208,D0178,C0596,IP0125,M0040,61.05,2026-01-13T13:02:00,mobile,CA,0
T000123,U0284,D0136,C0564,IP0177,M0055,46.06,2026-01-13T00:41:00,mobile,GB,1
T000124,U0360,D0117,C0258,IP0139,M0040,494.64,2026-02-20T08:15:00,web,US,0
T000125,U0370,D0050,C0549,IP0162,M0016,138.59,2026-01-03T11:22:00,pos,IN,0
T000126,U0099,D0056,C0604,IP0248,M0036,47.41,2026-01-27T00:38:00,pos,NG,1
T000127,U0145,D0026,C0233,IP0100,M0038,25.39,2026-01-12T13:17:00,mobile,IN,0
T000128,U0155,D0004,C0047,IP0065,M0036,11.09,2026-01-18T12:33:00,web,NG,0
T000129,U0150,D0179,C0503,IP0065,M0082,53.18,2026-02-21T05:56:00,web,RU,0
T000130,U0007,D0147,C0491,IP0146,M0061,103.63,2026-02-08T06:07:00,mobile,GB,0
T000131,U0095,D0014,C0117,IP0130,M0062,246.37,2026-02-22T20:54:00,web,CA,0
T000132,U0252,D0019,C0153,IP0028,M0020,163.44,2026-01-21T07:22:00,pos,GB,0
T000133,U0044,D0064,C0427,IP0061,M0072,89.38,2026-01-19T07:10:00,pos,NG,0
T000134,U0405,D0159,C0390,IP0116,M0067,49.96,2026-02-05T05:27:00,mobile,CA,0
T000135,U0153,D0151,C0583,IP0220,M0040,127.89,2026-01-24T11:45:00,pos,US,0
T000136,U0313,D0026,C0217,IP0107,M0081,103.58,2026-01-11T15:36:00,mobile,BR,0
T000137,U0042,D0041,C0566,IP0123,M0023,146.64,2026-01-09T13:03:00,web,IN,0
T000138,U0002,D0105,C0609,IP0231,M0089,49.42,2026-02-05T21:48:00,mobile,GB,0
T000139,U0017,D0060,C0465,IP0148,M0037,462.29,2026-02-22T17:47:00,web,BR,0
T000140,U0120,D0068,C0118,IP0102,M0055,10.91,2026-01-29T15:36:00,pos,IN,0
T000141,U0332,D0039,C0074,IP0137,M0019,41.59,2026-01-05T10:48:00,web,IN,0
T000142,U0406,D0079,C0128,IP0148,M0057,52.59,2026-01-07T20:18:00,mobile,BR,0
T000143,U0156,D0180,C0513,IP0207,M0035,35.79,2026-01-10T05:46:00,pos,CA,0
T000144,U0225,D0021,C0331,IP0021,M0056,79.53,2026-01-18T07:02:00,pos,GB,1
T000145,U0014,D0024,C0590,IP0118,M0087,79.55,2026-02-27T19:05:00,pos,US,0
T000146,U0392,D0173,C0042,IP0138,M0074,203.45,2026-01-30T09:10:00,web,CA,1
T000147,U0266,D0167,C0186,IP0227,M0036,64.87,2026-02-02T10:11:00,pos,CA,0
T000148,U0326,D0126,C0357,IP0047,M0061,190.2,2026-02-18T02:57:00,mobile,GB,0
T000149,U0165,D0172,C0338,IP0054,M0021,43.19,2026-02-25T21:27:00,mobile,BR,0
T000150,U0254,D0074,C0038,IP0206,M0071,54.24,2026-02-10T12:26:00,mobile,US,0
T000151,U0162,D0065,C0414,IP0166,M0015,154.72,2026-02-24T11:15:00,pos,RU,0
T000152,U0001,D0169,C0056,IP0237,M0053,125.48,2026-01-15T01:43:00,web,NG,0
T000153,U0186,D0160,C0453,IP0256,M0081,194.64,2026-02-15T13:53:00,web,IN,0
T000154,U0137,D0141,C0449,IP0068,M0037,42.92,2026-01-25T01:57:00,pos,CA,0
T000155,U0063,D0008,C0319,IP0123,M0021,1555.15,2026-02-24T03:38:00,pos,US,0
T000156,U0283,D0105,C0117,IP0048,M0029,91.27,2026-01-18T22:28:00,mobile,US,0
T000157,U0332,D0040,C0522,IP0256,M0038,216.93,2026-02-10T12:01:00,pos,GB,0
T000158,U0213,D0124,C0468,IP0242,M0032,946.42,2026-01-21T12:22:00,pos,IN,0
T000159,U0197,D0049,C0283,IP0070,M0009,105.42,2026-01-08T03:51:00,mobile,GB,0
T000160,U0479,D0130,C0290,IP0137,M0001,82.23,2026-02-04T11:48:00,pos,GB,0
T000161,U0429,D0151,C0458,IP0251,M0020,644.12,2026-01-05T22:41:00,pos,CA,1
T000162,U0177,D0086,C0330,IP0194,M0059,50.96,2026-01-05T00:43:00,web,BR,1
T000163,U0123,D0147,C0421,IP0197,M0030,87.9,2026-02-23T05:50:00,web,GB,0
T000164,U0382,D0122,C0156,IP0196,M0050,86.29,2026-02-27T13:15:00,mobile,US,0
T000165,U0065,D0129,C0451,IP0170,M0013,24.15,2026-02-23T10:51:00,web,NG,0
T000166,U0467,D0117,C0420,IP0008,M0019,266.36,2026-02-24T13:03:00,pos,IN,0
T000167,U0039,D0073,C0347,IP0194,M0037,280.29,2026-01-11T15:26:00,pos,BR,1
T000168,U0204,D0167,C0547,IP0042,M0043,179.06,2026-01-10T07:50:00,mobile,GB,0
T000169,U0321,D0073,C0037,IP0194,M0063,424.85,2026-02-05T08:11:00,pos,US,1
T000170,U0121,D0162,C0093,IP0148,M0030,267.95,2026-02-10T11:25:00,mobile,US,0
T000171,U0390,D0163,C0171,IP0052,M0057,79.46,2026-02-16T18:32:00,pos,GB,0
T000172,U0463,D0008,C0058,IP0024,M0042,12.78,2026-01-31T18:20:00,mobile,GB,0
T000173,U0192,D0111,C0544,IP0075,M0032,11.94,2026-02-04T07:53:00,mobile,NG,0
T000174,U0350,D0047,C0081,IP0088,M0023,369.8,2026-01-04T22:21:00,pos,RU,0
T000175,U0196,D0159,C0598,IP0124,M0064,114.78,2026-02-16T15:37:00,web,IN,0
T000176,U0237,D0164,C0262,IP0131,M0059,212.42,2026-01-04T15:09:00,pos,US,0
T000177,U0461,D0120,C0560,IP0148,M0087,119.86,2026-01-18T09:35:00,web,US,1
T000178,U0227,D0089,C0435,IP0154,M0082,98.43,2026-01-07T17:22:00,pos,GB,0
T000179,U0234,D0078,C0495,IP0102,M0050,241.23,2026-02-03T01:40:00,web,IN,1
T000180,U0196,D0147,C0303,IP0184,M0074,375.41,2026-02-16T20:02:00,pos,GB,0
T000181,U0012,D0169,C0009,IP0203,M0036,48.28,2026-01-21T00:01:00,pos,RU,0
T000182,U0352,D0013,C0236,IP0255,M0037,38.86,2026-01-14T16:41:00,pos,RU,0
T000183,U0181,D0057,C0257,IP0098,M0080,128.8,2026-02-06T05:10:00,pos,RU,0
T000184,U0370,D0169,C0100,IP0071,M0081,142.33,2026-01-03T20:13:00,pos,BR,1
T000185,U0021,D0080,C0594,IP0226,M0005,24.05,2026-02-12T09:01:00,mobile,BR,0
T000186,U0068,D0024,C0426,IP0152,M0042,43.79,2026-02-07T05:00:00,web,IN,1
T000187,U0068,D0139,C0514,IP0188,M0068,308.23,2026-02-01T23:52:00,mobile,RU,0
T000188,U0085,D0066,C0347,IP0247,M0038,49.74,2026-02-07T03:31:00,web,CA,0
T000189,U0494,D0020,C0407,IP0073,M0029,44.03,2026-02-28T02:17:00,pos,GB,0
T000190,U0047,D0102,C0550,IP0008,M0034,48.38,2026-02-06T04:55:00,web,CA,0
T000191,U0189,D0173,C0391,IP0135,M0075,189.15,2026-01-18T18:52:00,pos,GB,0
T000192,U0056,D0173,C0026,IP0120,M0061,229.73,2026-01-13T23:33:00,pos,NG,0
T000193,U0168,D0157,C0065,IP0114,M0083,132.11,2026-02-12T03:01:00,pos,RU,0
T000194,U0238,D0180,C0419,IP0155,M0084,684.71,2026-01-10T22:18:00,web,IN,0
T000195,U0024,D0010,C0119,IP0156,M0064,469.01,2026-01-15T04:14:00,web,IN,0
T000196,U0455,D0138,C0465,IP0070,M0050,180.73,2026-01-08T13:28:00,mobile,BR,0
T000197,U0487,D0179,C0159,IP0215,M0076,115.45,2026-02-25T10:47:00,mobile,BR,0
T000198,U0051,D0126,C0034,IP0209,M0036,122.91,2026-01-01T23:52:00,pos,GB,0
T000199,U0112,D0114,C0372,IP0228,M0031,99.19,2026-01-10T22:10:00,web,BR,1
T000200,U0189,D0140,C0408,IP0184,M0008,34.8,2026-02-07T07:22:00,mobile,IN,0
T000201,U0496,D0032,C0218,IP0233,M0012,20.35,2026-01-12T09:15:00,pos,BR,0
T000202,U0306,D0006,C0250,IP0026,M0043,338.94,2026-01-02T02:09:00,web,RU,0
T000203,U0290,D0053,C0213,IP0036,M0071,41.11,2026-02-01T12:22:00,pos,IN,0
T000204,U0417,D0060,C0611,IP0169,M0019,365.03,2026-01-24T18:28:00,web,GB,0
T000205,U0440,D0038,C0257,IP0067,M0070,88.31,2026-02-25T10:53:00,web,US,0
T000206,U0339,D0007,C0367,IP0068,M0002,156.47,2026-01-31T20:59:00,web,NG,1
T000207,U0166,D0005,C0054,IP0090,M0034,165.91,2026-02-09T10:40:00,web,BR,1
T000208,U0216,D0135,C0488,IP0059,M0009,38.88,2026-01-24T16:48:00,mobile,RU,0
T000209,U0186,D0132,C0516,IP0056,M0058,38.01,2026-01-21T13:24:00,web,NG,0
T000210,U0023,D0169,C0032,IP0155,M0059,125.33,2026-01-29T04:30:00,web,CA,0
T000211,U0434,D0103,C0111,IP0219,M0088,8.39,2026-02-02T00:52:00,mobile,BR,1
T000212,U0466,D0114,C0330,IP0038,M0011,83.11,2026-02-16T23:27:00,pos,IN,0
T000213,U0034,D0033,C0649,IP0141,M0080,87.68,2026-01-01T04:40:00,pos,NG,1
T000214,U0365,D0084,C0544,IP0196,M0077,816.53,2026-01-13T06:19:00,mobile,CA,0
T000215,U0259,D0155,C0118,IP0221,M0013,110.69,2026-02-07T17:23:00,pos,BR,0
T000216,U0450,D0142,C0463,IP0111,M0056,284.66,2026-01-24T16:16:00,web,CA,0
T000217,U0174,D0117,C0098,IP0205,M0054,84.62,2026-01-31T06:09:00,mobile,CA,0
T000218,U0161,D0171,C0157,IP0131,M0048,160.55,2026-01-29T01:24:00,pos,CA,0
T000219,U0035,D0024,C0443,IP0044,M0012,185.85,2026-01-03T19:20:00,web,BR,1
T000220,U0379,D0096,C0062,IP0067,M0072,28.72,2026-01-21T08:50:00,pos,NG,0
T000221,U0288,D0085,C0363,IP0063,M0053,60.73,2026-01-29T16:23:00,pos,RU,0
T000222,U0217,D0015,C0320,IP0197,M0073,115.98,2026-01-13T03:00:00,mobile,US,1
T000223,U0296,D0130,C0494,IP0109,M0020,250.71,2026-01-15T16:26:00,web,RU,0
T000224,U0056,D0090,C0286,IP0189,M0015,120.02,2026-02-09T03:37:00,pos,IN,0
T000225,U0414,D0110,C0274,IP0014,M0078,152.26,2026-01-07T07:31:00,web,IN,0
T000226,U0140,D0180,C0360,IP0159,M0044,40.72,2026-03-01T01:46:00,web,IN,0
T000227,U0446,D0037,C0146,IP0206,M0009,78.94,2026-01-26T12:13:00,pos,BR,0
T000228,U0498,D0008,C0221,IP0047,M0068,69.57,2026-01-06T19:38:00,mobile,CA,0
T000229,U0233,D0088,C0320,IP0081,M0048,88.97,2026-01-07T09:36:00,pos,GB,0
T000230,U0398,D0146,C0160,IP0044,M0007,196.15,2026-02-21T02:47:00,web,RU,0
T000231,U0317,D0013,C0454,IP0042,M0035,134.63,2026-01-02T19:25:00,pos,CA,0
T000232,U0249,D0156,C0280,IP0227,M0054,953.65,2026-02-16T08:11:00,web,RU,1
T000233,U0263,D0030,C0114,IP0177,M0056,130.31,2026-01-11T16:04:00,mobile,BR,1
T000234,U0348,D0152,C0316,IP0250,M0068,211.79,2026-02-20T18:55:00,web,IN,0
T000235,U0203,D0154,C0210,IP0029,M0001,386.65,2026-02-04T11:00:00,mobile,IN,0
T000236,U0393,D0036,C0336,IP0131,M0038,475.05,2026-02-22T11:23:00,web,US,0
T000237,U0255,D0111,C0390,IP0090,M0017,51.06,2026-01-05T11:00:00,pos,BR,0
T000238,U0118,D0179,C0363,IP0257,M0069,102.54,2026-02-23T06:42:00,web,CA,1
T000239,U0442,D0011,C0471,IP0224,M0003,131.07,2026-01-22T13:59:00,web,RU,0
T000240,U0161,D0148,C0415,IP0220,M0074,631.06,2026-01-08T12:57:00,pos,BR,0
T000241,U0214,D0075,C0022,IP0059,M0052,38.44,2026-01-10T20:43:00,mobile,IN,0
T000242,U0411,D0159,C0371,IP0236,M0089,150.15,2026-01-16T04:35:00,web,CA,0
T000243,U0433,D0028,C0604,IP0125,M0056,403.55,2026-02-28T06:09:00,mobile,NG,1
T000244,U0041,D0102,C0227,IP0159,M0044,6.48,2026-01-25T00:38:00,mobile,RU,0
T000245,U0087,D0020,C0523,IP0059,M0068,21.68,2026-02-20T08:27:00,web,RU,0
T000246,U0179,D0090,C0106,IP0076,M0031,59.61,2026-01-10T04:08:00,web,GB,0
T000247,U0102,D0045,C0078,IP0079,M0084,1144.73,2026-01-04T05:53:00,web,RU,1
T000248,U0322,D0127,C0594,IP0238,M0073,138.52,2026-02-15T01:12:00,mobile,BR,1
T000249,U0474,D0145,C0324,IP0166,M0081,117.26,2026-02-03T03:47:00,web,CA,1
T000250,U0035,D0121,C0311,IP0227,M0081,306.24,2026-03-01T14:27:00,mobile,NG,0
T000251,U0029,D0091,C0473,IP0038,M0040,109.27,2026-01-30T19:18:00,mobile,US,0
T000252,U0030,D0095,C0093,IP0147,M0010,42.88,2026-01-24T13:48:00,pos,NG,0
T000253,U0260,D0099,C0568,IP0237,M0075,29.46,2026-01-05T08:54:00,pos,US,0
T000254,U0231,D0147,C0620,IP0097,M0042,152.85,2026-01-29T08:48:00,mobile,NG,0
T000255,U0078,D0016,C0352,IP0231,M0014,228.6,2026-03-01T06:40:00,pos,US,0
T000256,U0259,D0166,C0254,IP0089,M0006,222.36,2026-01-27T23:28:00,pos,CA,0
T000257,U0225,D0135,C0382,IP0082,M0047,290.2,2026-01-22T16:06:00,mobile,CA,0
T000258,U0210,D0087,C0343,IP0027,M0081,108.88,2026-02-26T20:27:00,web,GB,0
T000259,U0049,D0143,C0259,IP0198,M0037,137.16,2026-02-13T12:09:00,pos,RU,0
T000260,U0337,D0155,C0084,IP0077,M0043,58.6,2026-02-24T10:12:00,pos,BR,0
T000261,U0073,D0090,C0402,IP0159,M0084,121.87,2026-02-19T15:12:00,web,NG,0
T000262,U0363,D0022,C0386,IP0159,M0072,258.85,2026-01-06T12:04:00,pos,RU,0
T000263,U0169,D0033,C0434,IP0048,M0083,514.04,2026-01-10T17:52:00,pos,GB,0
T000264,U0010,D0093,C0220,IP0159,M0024,43.77,2026-02-16T16:32:00,mobile,RU,0
T000265,U0249,D0050,C0159,IP0116,M0018,86.76,2026-01-17T19:58:00,web,GB,0
T000266,U0433,D0026,C0345,IP0020,M0085,183.06,2026-01-18T00:16:00,pos,IN,0
T000267,U0306,D0097,C0186,IP0079,M0021,84.4,2026-02-04T22:37:00,pos,RU,0
T000268,U0320,D0043,C0421,IP0225,M0006,345.69,2026-02-06T14:29:00,mobile,BR,0
T000269,U0369,D0061,C0292,IP0228,M0079,73.67,2026-02-02T16:02:00,pos,RU,0
T000270,U0230,D0060,C0481,IP0123,M0040,325.75,2026-01-02T09:26:00,web,GB,0
T000271,U0348,D0147,C0289,IP0226,M0060,239.22,2026-01-20T16:29:00,mobile,NG,0
T000272,U0271,D0108,C0620,IP0083,M0026,134.55,2026-01-20T07:59:00,web,RU,1
T000273,U0129,D0014,C0568,IP0247,M0048,70.98,2026-02-27T06:24:00,web,BR,0
T000274,U0434,D0133,C0086,IP0064,M0037,35.1,2026-02-25T10:22:00,web,GB,0
T000275,U0231,D0132,C0094,IP0076,M0056,1401.26,2026-02-07T13:46:00,web,RU,0
T000276,U0231,D0090,C0055,IP0014,M0054,183.31,2026-01-28T09:17:00,mobile,NG,0
T000277,U0192,D0061,C0384,IP0198,M0011,104.2,2026-01-18T04:25:00,web,US,0
T000278,U0164,D0026,C0141,IP0172,M0019,63.79,2026-01-14T03:09:00,web,GB,0
T000279,U0470,D0121,C0460,IP0072,M0061,191.53,2026-01-09T01:23:00,pos,US,0
T000280,U0464,D0021,C0221,IP0010,M0033,39.86,2026-02-20T08:24:00,web,NG,0
T000281,U0482,D0156,C0296,IP0217,M0015,48.77,2026-02-26T18:05:00,web,GB,0
T000282,U0063,D0013,C0638,IP0123,M0054,67.59,2026-01-10T05:42:00,mobile,US,1
T000283,U0057,D0128,C0528,IP0009,M0081,104.45,2026-02-05T07:34:00,pos,IN,0
T000284,U0368,D0037,C0002,IP0150,M0055,80.77,2026-02-17T10:39:00,pos,GB,0
T000285,U0124,D0147,C0088,IP0214,M0024,233.51,2026-01-10T08:14:00,pos,GB,0
T000286,U0035,D0135,C0482,IP0011,M0050,269.06,2026-01-26T09:50:00,web,BR,0
T000287,U0199,D0096,C0366,IP0130,M0003,414.18,2026-01-07T08:35:00,web,GB,0
T000288,U0124,D0169,C0341,IP0054,M0075,420.72,2026-01-06T17:05:00,web,US,0
T000289,U0181,D0140,C0180,IP0174,M0083,221.04,2026-01-23T02:58:00,pos,CA,0
T000290,U0357,D0123,C0065,IP0094,M0018,31.32,2026-02-10T08:03:00,pos,RU,0
T000291,U0484,D0118,C0207,IP0019,M0038,281.52,2026-01-15T02:43:00,web,RU,0
T000292,U0103,D0011,C0528,IP0162,M0040,95.54,2026-02-14T22:18:00,mobile,RU,0
T000293,U0279,D0122,C0196,IP0130,M0005,377.54,2026-01-20T13:17:00,mobile,GB,0
T000294,U0442,D0013,C0128,IP0170,M0035,190.63,2026-01-10T05:04:00,mobile,CA,0
T000295,U0456,D0103,C0348,IP0226,M0050,95.98,2026-01-06T22:18:00,web,CA,0
T000296,U0355,D0128,C0274,IP0189,M0067,110.12,2026-01-03T02:10:00,web,BR,0
T000297,U0218,D0021,C0185,IP0221,M0078,93.4,2026-01-28T06:54:00,pos,GB,1
T000298,U0165,D0027,C0303,IP0041,M0042,440.74,2026-02-19T03:38:00,mobile,CA,0
T000299,U0309,D0110,C0455,IP0086,M0089,111.19,2026-02-02T07:51:00,mobile,CA,0
T000300,U0022,D0091,C0059,IP0223,M0036,16.42,2026-02-15T00:22:00,web,BR,0
T000301,U0327,D0104,C0164,IP0187,M0066,242.28,2026-02-15T14:00:00,web,IN,0
T000302,U0435,D0156,C0130,IP0225,M0005,340.43,2026-01-06T03:48:00,web,IN,0
T000303,U0399,D0166,C0393,IP0188,M0047,159.6,2026-03-01T06:20:00,pos,US,0
T000304,U0310,D0040,C0381,IP0231,M0048,530.04,2026-02-09T05:05:00,mobile,RU,1
T000305,U0040,D0147,C0376,IP0071,M0068,37.07,2026-01-29T09:20:00,mobile,GB,0
T000306,U0333,D0072,C0027,IP0128,M0015,45.37,2026-02-09T08:44:00,pos,IN,0
T000307,U0256,D0133,C0121,IP0199,M0072,736.38,2026-01-28T20:21:00,mobile,RU,0
T000308,U0134,D0115,C0293,IP0110,M0079,18.03,2026-01-02T14:16:00,pos,CA,0
T000309,U0103,D0032,C0463,IP0070,M0010,111.63,2026-01-07T05:29:00,web,BR,0
T000310,U0228,D0015,C0328,IP0194,M0069,184.47,2026-02-19T14:19:00,pos,GB,1
T000311,U0364,D0017,C0162,IP0149,M0039,54.59,2026-02-20T15:46:00,pos,BR,1
T000312,U0475,D0180,C0521,IP0090,M0047,88.57,2026-01-04T23:09:00,web,US,0
T000313,U0103,D0036,C0027,IP0122,M0064,105.53,2026-01-06T16:52:00,mobile,NG,0
T000314,U0294,D0095,C0133,IP0240,M0071,257.27,2026-01-29T04:44:00,pos,US,0
T000315,U0034,D0080,C0539,IP0204,M0062,35.59,2026-01-19T01:40:00,mobile,RU,1
T000316,U0210,D0148,C0325,IP0038,M0017,32.38,2026-02-10T18:31:00,pos,US,0
T000317,U0231,D0120,C0565,IP0177,M0017,109.68,2026-02-09T02:13:00,pos,NG,0
T000318,U0094,D0034,C0057,IP0222,M0065,50.43,2026-02-21T14:48:00,web,NG,0
T000319,U0079,D0078,C0331,IP0085,M0021,294.94,2026-01-26T02:54:00,pos,IN,0
T000320,U0178,D0133,C0257,IP0146,M0011,8.57,2026-01-13T07:45:00,web,BR,0
T000321,U0490,D0142,C0641,IP0141,M0017,12.81,2026-01-25T10:32:00,mobile,NG,0
T000322,U0274,D0024,C0173,IP0258,M0083,183.27,2026-01-08T07:38:00,pos,NG,1
T000323,U0079,D0044,C0043,IP0173,M0073,205.19,2026-01-04T17:45:00,web,US,0
T000324,U0024,D0165,C0216,IP0136,M0084,214.05,2026-01-20T10:28:00,pos,CA,0
T000325,U0317,D0164,C0643,IP0016,M0064,37.18,2026-02-01T20:24:00,pos,GB,0
T000326,U0329,D0078,C0416,IP0248,M0032,168.51,2026-01-30T14:53:00,mobile,CA,0
T000327,U0038,D0177,C0451,IP0031,M0021,214.98,2026-01-14T00:16:00,mobile,CA,0
T000328,U0238,D0053,C0148,IP0175,M0078,44.64,2026-01-12T14:13:00,mobile,RU,0
T000329,U0368,D0082,C0134,IP0177,M0052,345.46,2026-02-18T00:58:00,mobile,NG,0
T000330,U0288,D0028,C0478,IP0164,M0031,102.35,2026-02-07T23:44:00,web,GB,0
T000331,U0231,D0064,C0052,IP0073,M0013,553.79,2026-01-24T00:31:00,mobile,CA,0
T000332,U0443,D0158,C0164,IP0215,M0032,64.81,2026-01-28T17:01:00,mobile,NG,0
T000333,U0370,D0081,C0511,IP0098,M0021,692.04,2026-01-19T08:11:00,pos,CA,0
T000334,U0256,D0079,C0093,IP0255,M0003,269.29,2026-01-10T23:07:00,mobile,NG,0
T000335,U0235,D0062,C0362,IP0111,M0075,108.26,2026-02-01T13:42:00,web,US,0
T000336,U0145,D0127,C0550,IP0241,M0037,219.98,2026-02-19T14:34:00,web,RU,0
T000337,U0056,D0111,C0375,IP0069,M0034,83.52,2026-01-07T05:38:00,mobile,GB,1
T000338,U0024,D0103,C0576,IP0027,M0073,66.7,2026-02-25T10:24:00,web,GB,0
T000339,U0284,D0074,C0517,IP0038,M0050,97.71,2026-01-21T03:13:00,mobile,RU,0
T000340,U0282,D0072,C0100,IP0061,M0017,269.3,2026-02-14T14:34:00,mobile,GB,0
T000341,U0407,D0087,C0204,IP0188,M0019,32.25,2026-02-22T20:02:00,pos,NG,0
T000342,U0206,D0129,C0040,IP0021,M0006,143.98,2026-02-22T17:25:00,web,BR,0
T000343,U0171,D0122,C0621,IP0234,M0020,14.45,2026-01-13T21:23:00,pos,IN,0
T000344,U0168,D0157,C0403,IP0164,M0021,62.71,2026-02-02T04:32:00,pos,BR,0
T000345,U0432,D0077,C0522,IP0173,M0065,128.19,2026-02-04T18:38:00,pos,CA,0
T000346,U0363,D0145,C0018,IP0154,M0061,258.23,2026-01-23T11:13:00,mobile,GB,0
T000347,U0345,D0029,C0316,IP0214,M0075,44.86,2026-02-24T14:30:00,pos,RU,0
T000348,U0353,D0162,C0486,IP0014,M0077,37.34,2026-01-26T11:58:00,mobile,BR,0
T000349,U0401,D0149,C0598,IP0117,M0007,181.99,2026-02-12T08:47:00,mobile,IN,1
T000350,U0269,D0162,C0249,IP0195,M0019,176.98,2026-01-19T05:28:00,web,NG,0
T000351,U0486,D0180,C0020,IP0057,M0025,56.8,2026-02-07T14:21:00,mobile,GB,0
T000352,U0215,D0039,C0209,IP0212,M0089,152.75,2026-02-10T02:23:00,mobile,NG,0
T000353,U0397,D0157,C0142,IP0242,M0008,24.81,2026-01-27T20:09:00,pos,IN,0
T000354,U0288,D0084,C0386,IP0245,M0068,41.48,2026-01-09T09:03:00,mobile,IN,0
T000355,U0236,D0137,C0363,IP0176,M0070,183.46,2026-01-25T21:27:00,pos,RU,0
T000356,U0445,D0175,C0496,IP0136,M0079,1827.58,2026-02-28T11:09:00,web,IN,0
T000357,U0143,D0143,C0305,IP0153,M0029,186.38,2026-01-22T20:47:00,mobile,BR,0
T000358,U0107,D0177,C0492,IP0251,M0041,1223.96,2026-01-03T03:41:00,mobile,NG,0
T000359,U0479,D0071,C0588,IP0148,M0016,303.67,2026-02-01T07:48:00,pos,NG,0
T000360,U0195,D0102,C0298,IP0177,M0019,33.39,2026-02-24T04:18:00,web,GB,0
T000361,U0490,D0021,C0263,IP0178,M0057,193.67,2026-02-13T07:55:00,pos,CA,0
T000362,U0110,D0052,C0279,IP0139,M0072,94.26,2026-02-02T02:15:00,web,US,1
T000363,U0316,D0151,C0052,IP0123,M0032,21.47,2026-01-18T07:50:00,pos,NG,0
T000364,U0116,D0164,C0103,IP0120,M0007,39.37,2026-01-19T15:20:00,mobile,GB,0
T000365,U0368,D0121,C0141,IP0052,M0088,317.22,2026-02-02T10:44:00,web,NG,0
T000366,U0476,D0041,C0488,IP0209,M0084,24.4,2026-02-19T19:13:00,mobile,BR,0
T000367,U0103,D0074,C0061,IP0165,M0037,211.89,2026-01-24T06:48:00,web,BR,0
T000368,U0294,D0060,C0428,IP0020,M0023,414.07,2026-02-02T14:38:00,web,US,0
T000369,U0429,D0102,C0297,IP0254,M0024,103.06,2026-01-17T19:05:00,web,US,0
T000370,U0153,D0146,C0292,IP0055,M0043,40.99,2026-01-22T16:42:00,mobile,BR,0
T000371,U0279,D0135,C0517,IP0253,M0018,62.06,2026-02-20T02:37:00,mobile,GB,0
T000372,U0099,D0029,C0470,IP0170,M0021,18.7,2026-02-06T17:35:00,pos,GB,1
T000373,U0368,D0048,C0303,IP0008,M0044,101.24,2026-02-09T20:32:00,pos,BR,0
T000374,U0388,D0050,C0416,IP0090,M0079,87.88,2026-02-26T04:05:00,mobile,NG,1
T000375,U0168,D0023,C0098,IP0206,M0086,67.99,2026-01-09T21:58:00,web,IN,0
T000376,U0245,D0083,C0268,IP0128,M0001,120.45,2026-02-04T02:44:00,mobile,IN,0
T000377,U0229,D0069,C0597,IP0169,M0039,1129.73,2026-02-09T02:43:00,pos,NG,1
T000378,U0006,D0067,C0242,IP0185,M0089,51.82,2026-02-21T20:21:00,web,BR,0
T000379,U0061,D0120,C0416,IP0158,M0021,320.9,2026-02-20T23:07:00,pos,NG,0
T000380,U0473,D0080,C0303,IP0061,M0082,179.56,2026-01-23T16:45:00,mobile,NG,0
T000381,U0114,D0057,C0157,IP0069,M0062,48.84,2026-01-10T17:24:00,mobile,BR,0
T000382,U0311,D0096,C0483,IP0213,M0071,256.08,2026-01-27T02:03:00,pos,RU,0
T000383,U0341,D0056,C0611,IP0127,M0088,51.0,2026-02-05T07:56:00,web,NG,0
T000384,U0229,D0136,C0578,IP0186,M0010,78.26,2026-01-30T20:36:00,web,US,0
T000385,U0425,D0141,C0587,IP0259,M0026,372.72,2026-02-25T07:17:00,pos,IN,0
T000386,U0085,D0084,C0211,IP0227,M0015,512.2,2026-01-26T07:20:00,pos,NG,1
T000387,U0251,D0024,C0465,IP0229,M0008,1243.62,2026-01-02T00:56:00,web,NG,1
T000388,U0213,D0117,C0474,IP0030,M0072,87.75,2026-01-29T03:22:00,pos,RU,0
T000389,U0158,D0006,C0004,IP0203,M0033,81.84,2026-02-24T04:53:00,pos,IN,0
T000390,U0297,D0019,C0353,IP0024,M0055,133.05,2026-01-26T16:33:00,pos,US,0
T000391,U0278,D0016,C0033,IP0036,M0061,318.29,2026-02-25T19:06:00,mobile,CA,0
T000392,U0093,D0035,C0392,IP0216,M0048,326.54,2026-02-27T15:14:00,mobile,RU,0
T000393,U0470,D0097,C0553,IP0193,M0011,31.18,2026-02-01T22:42:00,web,BR,0
T000394,U0441,D0090,C0551,IP0061,M0023,374.29,2026-01-13T22:18:00,mobile,NG,0
T000395,U0066,D0058,C0306,IP0002,M0003,100.41,2026-02-13T22:43:00,mobile,BR,0
T000396,U0369,D0140,C0389,IP0218,M0069,82.21,2026-01-17T08:31:00,web,IN,1
T000397,U0236,D0089,C0194,IP0080,M0036,213.43,2026-01-12T08:14:00,pos,RU,0
T000398,U0058,D0009,C0017,IP0215,M0079,54.08,2026-02-22T23:16:00,web,IN,0
T000399,U0035,D0026,C0613,IP0018,M0058,168.74,2026-01-24T08:16:00,pos,BR,0
T000400,U0447,D0013,C0412,IP0126,M0006,65.2,2026-01-17T09:44:00,mobile,IN,0
T000401,U0277,D0170,C0144,IP0194,M0034,167.8,2026-02-04T21:28:00,pos,GB,1
T000402,U0120,D0148,C0613,IP0164,M0074,68.97,2026-02-14T21:06:00,pos,RU,0
T000403,U0165,D0061,C0534,IP0155,M0019,169.07,2026-01-14T21:07:00,web,CA,0
T000404,U0154,D0071,C0606,IP0032,M0072,116.38,2026-01-29T01:10:00,pos,IN,0
T000405,U0321,D0073,C0049,IP0257,M0080,210.21,2026-02-12T01:25:00,mobile,BR,1
T000406,U0344,D0098,C0419,IP0164,M0054,149.95,2026-01-19T04:16:00,web,GB,0
T000407,U0193,D0048,C0231,IP0243,M0031,88.66,2026-01-02T10:04:00,mobile,RU,0
T000408,U0363,D0037,C0576,IP0238,M0008,96.15,2026-02-22T00:43:00,mobile,CA,0
T000409,U0286,D0136,C0249,IP0069,M0050,357.41,2026-02-15T14:42:00,mobile,IN,0
T000410,U0170,D0166,C0380,IP0041,M0058,225.27,2026-01-05T20:51:00,web,NG,0
T000411,U0371,D0049,C0387,IP0027,M0035,324.24,2026-02-08T13:13:00,pos,NG,0
T000412,U0309,D0011,C0602,IP0038,M0025,257.04,2026-02-20T04:43:00,pos,BR,0
T000413,U0287,D0056,C0341,IP0246,M0027,553.56,2026-01-08T02:41:00,mobile,US,0
T000414,U0109,D0049,C0249,IP0061,M0062,109.4,2026-02-23T09:27:00,pos,NG,0
T000415,U0361,D0053,C0566,IP0204,M0031,20.48,2026-03-01T16:09:00,mobile,RU,0
T000416,U0145,D0098,C0368,IP0239,M0069,25.35,2026-02-03T10:04:00,mobile,GB,0
T000417,U0185,D0132,C0101,IP0255,M0060,84.31,2026-01-04T13:32:00,pos,CA,0
T000418,U0390,D0082,C0321,IP0105,M0048,262.84,2026-02-20T01:08:00,mobile,US,0
T000419,U0289,D0057,C0268,IP0075,M0003,82.1,2026-02-16T03:56:00,pos,NG,0
T000420,U0297,D0107,C0201,IP0152,M0020,47.45,2026-01-09T09:40:00,mobile,IN,0
T000421,U0195,D0146,C0564,IP0126,M0064,142.89,2026-01-01T07:41:00,pos,BR,0
T000422,U0173,D0066,C0503,IP0251,M0083,170.97,2026-01-26T19:08:00,mobile,IN,0
T000423,U0376,D0091,C0560,IP0087,M0018,34.38,2026-02-10T14:17:00,mobile,IN,0
T000424,U0470,D0139,C0035,IP0031,M0068,171.7,2026-01-01T06:12:00,web,RU,0
T000425,U0343,D0013,C0141,IP0004,M0053,210.65,2026-02-16T01:22:00,pos,IN,0
T000426,U0035,D0039,C0518,IP0005,M0028,11.65,2026-01-06T08:13:00,mobile,GB,0
T000427,U0031,D0159,C0500,IP0248,M0085,77.05,2026-01-27T02:48:00,web,US,0
T000428,U0273,D0142,C0018,IP0211,M0002,58.58,2026-01-29T18:21:00,pos,BR,0
T000429,U0141,D0138,C0515,IP0147,M0003,167.48,2026-01-15T14:06:00,pos,BR,0
T000430,U0221,D0046,C0537,IP0055,M0013,377.17,2026-02-25T09:37:00,web,IN,1
T000431,U0099,D0159,C0274,IP0130,M0046,88.91,2026-01-25T05:04:00,mobile,US,0
T000432,U0192,D0104,C0250,IP0236,M0073,97.74,2026-01-28T19:54:00,pos,IN,0
T000433,U0154,D0176,C0033,IP0042,M0084,94.41,2026-01-08T02:43:00,web,CA,0
T000434,U0195,D0097,C0010,IP0244,M0008,206.88,2026-01-16T06:48:00,pos,IN,0
T000435,U0043,D0128,C0340,IP0223,M0083,168.01,2026-01-16T08:23:00,pos,RU,0
T000436,U0499,D0025,C0217,IP0022,M0030,260.31,2026-01-03T02:34:00,pos,NG,0
T000437,U0244,D0070,C0288,IP0024,M0010,376.93,2026-01-15T21:21:00,pos,NG,1
T000438,U0337,D0009,C0017,IP0092,M0041,357.04,2026-02-20T21:40:00,web,NG,0
T000439,U0074,D0102,C0167,IP0040,M0039,140.6,2026-02-06T03:39:00,pos,IN,0
T000440,U0291,D0100,C0144,IP0170,M0050,20.8,2026-01-08T16:44:00,pos,BR,0
T000441,U0041,D0129,C0101,IP0178,M0007,99.11,2026-03-01T01:43:00,mobile,IN,0
T000442,U0430,D0020,C0629,IP0175,M0078,76.64,2026-02-14T16:28:00,pos,CA,0
T000443,U0497,D0084,C0280,IP0016,M0082,128.18,2026-02-10T08:13:00,mobile,CA,0
T000444,U0117,D0092,C0191,IP0193,M0056,60.7,2026-01-31T07:35:00,pos,NG,1
T000445,U0339,D0098,C0303,IP0044,M0080,207.74,2026-01-18T08:52:00,web,BR,1
T000446,U0038,D0022,C0390,IP0138,M0020,179.19,2026-02-10T16:16:00,pos,RU,0
T000447,U0325,D0040,C0370,IP0200,M0041,138.19,2026-01-10T09:43:00,web,US,0
T000448,U0003,D0079,C0277,IP0228,M0047,733.84,2026-03-01T01:13:00,web,IN,1
T000449,U0045,D0170,C0571,IP0170,M0080,121.75,2026-01-06T20:08:00,pos,NG,1
T000450,U0209,D0027,C0363,IP0014,M0012,24.58,2026-01-18T01:02:00,pos,US,0
T000451,U0306,D0154,C0013,IP0167,M0050,96.79,2026-01-13T10:46:00,mobile,CA,0
T000452,U0199,D0022,C0534,IP0125,M0074,58.79,2026-01-21T05:04:00,web,BR,0
T000453,U0195,D0044,C0309,IP0072,M0035,43.58,2026-01-20T05:07:00,mobile,CA,1
T000454,U0075,D0017,C0283,IP0086,M0056,230.49,2026-02-03T19:28:00,mobile,GB,1
T000455,U0248,D0020,C0253,IP0185,M0033,105.49,2026-01-25T23:34:00,pos,BR,0
T000456,U0254,D0153,C0110,IP0101,M0059,104.04,2026-02-26T17:00:00,web,GB,0
T000457,U0004,D0102,C0390,IP0171,M0080,145.25,2026-01-18T21:02:00,mobile,CA,0
T000458,U0172,D0111,C0329,IP0070,M0039,1305.85,2026-01-13T22:55:00,pos,BR,1
T000459,U0103,D0123,C0408,IP0161,M0023,39.33,2026-01-27T13:17:00,mobile,GB,0
T000460,U0377,D0178,C0249,IP0252,M0074,153.98,2026-02-12T14:25:00,mobile,CA,0
T000461,U0144,D0101,C0578,IP0187,M0015,157.56,2026-01-19T15:02:00,web,NG,0
T000462,U0280,D0170,C0028,IP0238,M0063,230.67,2026-01-13T02:12:00,pos,CA,0
T000463,U0483,D0054,C0071,IP0225,M0038,137.91,2026-02-10T16:20:00,mobile,BR,0
T000464,U0256,D0036,C0259,IP0156,M0031,31.87,2026-02-25T07:31:00,pos,IN,0
T000465,U0367,D0073,C0076,IP0194,M0026,831.26,2026-01-06T06:16:00,mobile,NG,1
T000466,U0246,D0150,C0519,IP0206,M0069,71.57,2026-01-05T10:38:00,pos,CA,0
T000467,U0279,D0010,C0609,IP0185,M0069,110.96,2026-01-19T10:50:00,pos,US,0
T000468,U0056,D0064,C0628,IP0182,M0022,72.49,2026-02-08T07:23:00,web,NG,0
T000469,U0331,D0073,C0441,IP0194,M0050,53.53,2026-02-16T21:14:00,web,US,1
T000470,U0051,D0067,C0532,IP0114,M0066,201.66,2026-01-16T15:24:00,pos,NG,0
T000471,U0353,D0148,C0384,IP0114,M0058,56.0,2026-02-22T21:18:00,mobile,CA,0
T000472,U0396,D0174,C0354,IP0257,M0020,296.74,2026-01-05T15:57:00,web,CA,0
T000473,U0054,D0076,C0119,IP0213,M0011,63.03,2026-03-01T02:13:00,pos,IN,0
T000474,U0179,D0080,C0212,IP0176,M0059,671.79,2026-02-04T03:07:00,pos,CA,0
T000475,U0179,D0122,C0464,IP0050,M0057,130.38,2026-01-20T15:31:00,mobile,US,0
T000476,U0154,D0012,C0352,IP0059,M0003,42.22,2026-02-11T14:41:00,pos,US,0
T000477,U0347,D0043,C0179,IP0125,M0067,35.99,2026-03-01T18:22:00,pos,IN,0
T000478,U0170,D0144,C0238,IP0219,M0060,77.37,2026-01-14T08:12:00,mobile,BR,0
T000479,U0095,D0048,C0030,IP0222,M0051,669.21,2026-01-05T23:00:00,pos,NG,0
T000480,U0453,D0051,C0440,IP0231,M0076,150.0,2026-02-07T04:23:00,mobile,US,0
T000481,U0361,D0055,C0065,IP0106,M0036,272.92,2026-01-25T14:13:00,pos,US,0
T000482,U0410,D0138,C0334,IP0096,M0047,241.72,2026-01-31T22:35:00,web,CA,0
T000483,U0059,D0068,C0321,IP0251,M0068,24.73,2026-02-05T08:06:00,pos,CA,0
T000484,U0313,D0101,C0361,IP0059,M0045,120.55,2026-01-11T20:28:00,mobile,NG,0
T000485,U0089,D0173,C0605,IP0153,M0079,19.06,2026-02-12T13:38:00,web,BR,0
T000486,U0069,D0081,C0313,IP0061,M0031,69.17,2026-01-02T22:17:00,web,IN,0
T000487,U0192,D0178,C0398,IP0073,M0066,189.13,2026-01-24T17:12:00,mobile,NG,0
T000488,U0071,D0148,C0191,IP0197,M0055,17.8,2026-02-08T11:50:00,mobile,BR,0
T000489,U0276,D0178,C0171,IP0089,M0072,317.58,2026-01-22T14:23:00,mobile,GB,0
T000490,U0072,D0048,C0635,IP0162,M0058,120.65,2026-03-01T22:18:00,web,RU,0
T000491,U0184,D0003,C0200,IP0249,M0018,236.12,2026-01-01T12:42:00,mobile,NG,0
T000492,U0259,D0168,C0504,IP0254,M0053,14.77,2026-03-01T10:00:00,mobile,BR,0
T000493,U0431,D0114,C0085,IP0251,M0022,231.5,2026-02-10T02:09:00,pos,US,0
T000494,U0408,D0057,C0282,IP0150,M0005,577.56,2026-02-19T23:17:00,web,NG,0
T000495,U0148,D0044,C0508,IP0235,M0073,256.54,2026-02-27T15:11:00,pos,NG,0
T000496,U0058,D0147,C0557,IP0059,M0035,216.73,2026-01-17T03:32:00,mobile,NG,0
T000497,U0422,D0011,C0224,IP0226,M0070,93.81,2026-02-10T17:08:00,mobile,US,0
T000498,U0377,D0168,C0034,IP0127,M0039,122.85,2026-02-14T22:48:00,mobile,GB,0
T000499,U0179,D0023,C0243,IP0225,M0016,32.78,2026-01-04T09:06:00,web,RU,0
T000500,U0378,D0151,C0648,IP0180,M0079,82.72,2026-01-14T16:07:00,mobile,IN,0
T000501,U0316,D0036,C0061,IP0106,M0027,153.13,2026-02-23T12:10:00,pos,GB,0
T000502,U0273,D0072,C0300,IP0087,M0042,60.83,2026-01-17T12:02:00,mobile,NG,0
T000503,U0137,D0132,C0422,IP0049,M0018,180.08,2026-02-01T03:16:00,web,GB,0
T000504,U0444,D0168,C0256,IP0065,M0017,498.95,2026-02-06T09:27:00,web,BR,0
T000505,U0165,D0064,C0146,IP0202,M0063,142.2,2026-02-02T21:20:00,pos,BR,0
T000506,U0138,D0161,C0463,IP0213,M0049,153.79,2026-01-11T17:11:00,web,BR,0
T000507,U0407,D0024,C0285,IP0207,M0066,65.62,2026-01-12T18:55:00,pos,GB,0
T000508,U0233,D0125,C0003,IP0168,M0075,252.1,2026-02-05T23:10:00,pos,US,0
T000509,U0375,D0118,C0548,IP0184,M0009,23.9,2026-02-14T00:39:00,mobile,IN,0
T000510,U0496,D0110,C0275,IP0109,M0064,134.48,2026-01-03T18:11:00,mobile,RU,0
T000511,U0146,D0087,C0497,IP0067,M0073,41.95,2026-02-07T21:29:00,mobile,BR,0
T000512,U0391,D0013,C0642,IP0024,M0013,338.5,2026-02-16T14:22:00,mobile,US,0
T000513,U0064,D0041,C0001,IP0226,M0059,14.07,2026-01-11T16:41:00,mobile,IN,0
T000514,U0353,D0034,C0281,IP0155,M0021,191.14,2026-01-03T13:16:00,web,BR,0
T000515,U0185,D0065,C0170,IP0043,M0048,69.79,2026-01-27T03:49:00,web,CA,1
T000516,U0321,D0079,C0094,IP0120,M0055,38.06,2026-01-13T01:56:00,pos,US,0
T000517,U0001,D0055,C0136,IP0245,M0010,75.96,2026-01-12T18:31:00,pos,IN,0
T000518,U0266,D0175,C0009,IP0228,M0002,211.0,2026-02-24T08:29:00,pos,GB,0
T000519,U0419,D0031,C0136,IP0217,M0089,5.77,2026-01-29T20:38:00,mobile,US,1
T000520,U0118,D0099,C0106,IP0046,M0014,40.7,2026-01-26T00:50:00,mobile,GB,0
T000521,U0452,D0077,C0137,IP0071,M0049,375.78,2026-02-13T08:44:00,pos,BR,0
T000522,U0074,D0018,C0169,IP0005,M0079,43.94,2026-01-31T14:09:00,mobile,GB,0
T000523,U0370,D0055,C0631,IP0078,M0053,21.78,2026-02-13T16:38:00,pos,CA,0
T000524,U0441,D0056,C0144,IP0045,M0013,31.5,2026-01-28T20:02:00,web,NG,0
T000525,U0374,D0099,C0323,IP0180,M0055,38.02,2026-02-17T02:50:00,web,IN,0
T000526,U0142,D0166,C0567,IP0044,M0032,133.6,2026-01-15T12:02:00,pos,NG,0
T000527,U0370,D0156,C0028,IP0146,M0089,83.12,2026-01-28T01:16:00,pos,GB,0
T000528,U0106,D0133,C0303,IP0097,M0051,50.85,2026-01-06T07:17:00,pos,US,0
T000529,U0402,D0062,C0116,IP0254,M0050,155.3,2026-01-31T16:31:00,web,CA,0
T000530,U0327,D0153,C0013,IP0037,M0068,43.62,2026-01-21T02:28:00,mobile,GB,0
T000531,U0068,D0100,C0560,IP0216,M0047,91.25,2026-01-12T09:08:00,pos,IN,0
T000532,U0391,D0121,C0602,IP0038,M0003,92.68,2026-01-07T22:53:00,web,US,0
T000533,U0135,D0056,C0408,IP0021,M0008,197.37,2026-02-02T12:58:00,pos,GB,0
T000534,U0322,D0129,C0412,IP0213,M0055,269.49,2026-01-18T04:41:00,web,BR,1
T000535,U0275,D0138,C0086,IP0079,M0036,134.92,2026-02-11T02:58:00,mobile,US,0
T000536,U0262,D0170,C0550,IP0194,M0056,151.0,2026-02-06T20:42:00,mobile,CA,1
T000537,U0301,D0163,C0448,IP0034,M0040,144.12,2026-02-15T21:16:00,pos,RU,0
T000538,U0123,D0015,C0445,IP0126,M0012,55.37,2026-02-18T14:50:00,web,CA,0
T000539,U0314,D0156,C0180,IP0029,M0040,56.42,2026-02-21T06:10:00,web,US,0
T000540,U0363,D0036,C0509,IP0006,M0021,209.63,2026-01-26T06:38:00,mobile,NG,0
T000541,U0265,D0067,C0130,IP0086,M0048,132.67,2026-02-24T05:36:00,pos,RU,0
T000542,U0448,D0069,C0344,IP0061,M0004,71.46,2026-01-18T02:07:00,mobile,GB,1
T000543,U0269,D0017,C0643,IP0135,M0074,62.43,2026-02-27T14:10:00,web,CA,0
T000544,U0234,D0131,C0512,IP0185,M0008,373.41,2026-02-02T19:39:00,pos,IN,0
T000545,U0189,D0041,C0588,IP0131,M0014,398.93,2026-01-31T17:55:00,pos,BR,0
T000546,U0060,D0059,C0013,IP0002,M0006,234.81,2026-01-20T10:25:00,web,US,0
T000547,U0242,D0094,C0184,IP0197,M0020,142.49,2026-02-17T07:47:00,web,NG,0
T000548,U0412,D0168,C0330,IP0215,M0029,195.7,2026-01-31T05:51:00,web,CA,0
T000549,U0469,D0082,C0586,IP0139,M0010,138.37,2026-02-22T20:28:00,mobile,US,0
T000550,U0258,D0173,C0229,IP0027,M0023,213.82,2026-01-31T06:32:00,pos,US,0
T000551,U0489,D0103,C0290,IP0036,M0060,75.33,2026-02-24T17:05:00,mobile,GB,0
T000552,U0045,D0179,C0378,IP0170,M0034,136.15,2026-02-28T14:11:00,web,GB,1
T000553,U0289,D0078,C0378,IP0125,M0060,329.16,2026-01-31T10:01:00,pos,CA,0
T000554,U0396,D0051,C0007,IP0126,M0020,235.11,2026-02-10T11:43:00,mobile,US,0
T000555,U0120,D0139,C0010,IP0178,M0082,30.6,2026-01-07T01:29:00,mobile,US,0
T000556,U0389,D0169,C0107,IP0193,M0040,134.59,2026-02-21T03:46:00,web,NG,1
T000557,U0122,D0108,C0146,IP0252,M0008,35.71,2026-02-03T04:57:00,pos,GB,0
T000558,U0048,D0012,C0423,IP0119,M0067,128.22,2026-01-08T10:28:00,pos,GB,0
T000559,U0235,D0022,C0137,IP0049,M0065,19.88,2026-01-10T01:29:00,pos,RU,0
T000560,U0202,D0020,C0134,IP0032,M0056,680.18,2026-02-12T14:55:00,web,GB,0
T000561,U0134,D0081,C0326,IP0202,M0042,89.21,2026-02-16T21:58:00,mobile,GB,1
T000562,U0120,D0020,C0599,IP0104,M0018,206.58,2026-01-11T16:11:00,web,IN,1
T000563,U0055,D0170,C0322,IP0170,M0080,16.81,2026-01-21T03:18:00,mobile,US,1
T000564,U0275,D0092,C0316,IP0107,M0058,117.39,2026-01-17T10:25:00,mobile,GB,0
T000565,U0437,D0031,C0312,IP0047,M0021,48.66,2026-01-20T14:49:00,pos,BR,0
T000566,U0309,D0011,C0152,IP0111,M0042,142.37,2026-01-06T09:12:00,web,BR,0
T000567,U0128,D0092,C0051,IP0203,M0066,110.47,2026-02-17T22:20:00,pos,GB,0
T000568,U0134,D0045,C0464,IP0016,M0052,147.69,2026-02-01T21:49:00,pos,BR,0
T000569,U0282,D0064,C0105,IP0049,M0060,275.55,2026-01-08T07:26:00,web,US,0
T000570,U0007,D0016,C0203,IP0114,M0017,54.35,2026-02-16T00:18:00,mobile,GB,0
T000571,U0352,D0162,C0601,IP0044,M0075,157.06,2026-01-03T04:16:00,mobile,RU,1
T000572,U0039,D0006,C0455,IP0034,M0026,72.82,2026-01-06T14:18:00,web,US,0
T000573,U0464,D0085,C0473,IP0063,M0006,54.7,2026-02-15T02:49:00,web,IN,1
T000574,U0474,D0147,C0509,IP0222,M0051,302.25,2026-01-17T13:19:00,web,CA,0
T000575,U0350,D0110,C0220,IP0089,M0046,93.76,2026-01-03T21:31:00,web,GB,0
T000576,U0144,D0115,C0629,IP0077,M0005,263.1,2026-02-22T18:21:00,pos,NG,0
T000577,U0126,D0166,C0422,IP0152,M0064,54.1,2026-01-29T01:31:00,pos,CA,0
T000578,U0032,D0023,C0141,IP0144,M0050,1103.81,2026-01-16T10:36:00,mobile,IN,0
T000579,U0330,D0135,C0557,IP0128,M0081,353.7,2026-02-27T21:40:00,web,CA,0
T000580,U0401,D0092,C0497,IP0246,M0070,168.02,2026-01-16T09:40:00,mobile,NG,1
T000581,U0258,D0083,C0185,IP0199,M0035,155.86,2026-02-03T12:00:00,web,GB,0
T000582,U0306,D0057,C0060,IP0016,M0036,110.5,2026-01-11T04:46:00,mobile,NG,1
T000583,U0184,D0150,C0103,IP0120,M0021,180.23,2026-01-23T23:55:00,web,BR,0
T000584,U0124,D0069,C0590,IP0029,M0029,310.0,2026-02-13T06:17:00,mobile,GB,0
T000585,U0479,D0045,C0607,IP0091,M0031,114.03,2026-01-05T04:31:00,mobile,RU,0
T000586,U0378,D0179,C0029,IP0184,M0076,152.06,2026-02-09T18:36:00,pos,BR,0
T000587,U0181,D0146,C0193,IP0073,M0073,54.08,2026-01-21T00:09:00,mobile,NG,1
T000588,U0159,D0045,C0093,IP0252,M0005,47.28,2026-02-13T02:00:00,web,IN,0
T000589,U0309,D0057,C0490,IP0011,M0068,222.51,2026-02-25T06:10:00,web,GB,0
T000590,U0470,D0158,C0349,IP0104,M0017,58.07,2026-01-06T06:22:00,pos,IN,0
T000591,U0471,D0083,C0152,IP0031,M0003,41.36,2026-02-14T05:53:00,pos,BR,0
T000592,U0470,D0037,C0374,IP0057,M0068,127.96,2026-01-25T23:16:00,web,GB,1
T000593,U0361,D0170,C0104,IP0203,M0076,222.07,2026-01-07T23:45:00,mobile,GB,0
T000594,U0166,D0035,C0499,IP0081,M0056,18.87,2026-02-09T05:22:00,pos,GB,0
T000595,U0090,D0144,C0604,IP0183,M0029,123.64,2026-01-30T06:58:00,web,CA,0
T000596,U0158,D0177,C0182,IP0151,M0017,210.39,2026-01-09T04:31:00,pos,US,1
T000597,U0486,D0180,C0034,IP0201,M0073,44.74,2026-02-02T14:29:00,web,NG,1
T000598,U0163,D0157,C0580,IP0114,M0082,101.46,2026-01-16T06:33:00,web,CA,0
T000599,U0073,D0085,C0356,IP0040,M0031,53.87,2026-02-11T13:36:00,mobile,IN,0
T000600,U0326,D0023,C0012,IP0172,M0058,222.47,2026-02-02T00:49:00,mobile,IN,0
T000601,U0128,D0178,C0263,IP0035,M0045,77.0,2026-02-24T17:03:00,web,BR,0
T000602,U0001,D0013,C0430,IP0198,M0057,267.84,2026-02-17T14:53:00,web,CA,0
T000603,U0253,D0097,C0385,IP0180,M0070,719.33,2026-01-27T14:57:00,web,RU,0
T000604,U0246,D0148,C0463,IP0116,M0021,110.16,2026-02-03T17:17:00,web,RU,0
T000605,U0434,D0009,C0327,IP0151,M0003,133.31,2026-02-25T14:17:00,mobile,US,0
T000606,U0038,D0088,C0165,IP0088,M0049,40.46,2026-02-06T17:54:00,pos,US,0
T000607,U0281,D0024,C0629,IP0174,M0077,216.87,2026-01-10T08:16:00,mobile,BR,0
T000608,U0016,D0073,C0622,IP0238,M0056,33.55,2026-02-21T14:53:00,mobile,IN,1
T000609,U0028,D0026,C0195,IP0170,M0027,42.78,2026-01-30T16:32:00,mobile,BR,1
T000610,U0284,D0139,C0289,IP0136,M0085,89.57,2026-02-23T06:45:00,mobile,IN,0
T000611,U0050,D0013,C0563,IP0202,M0074,30.15,2026-01-13T21:06:00,mobile,IN,1
T000612,U0028,D0093,C0090,IP0002,M0055,24.97,2026-01-19T10:59:00,mobile,RU,1
T000613,U0339,D0161,C0100,IP0246,M0026,389.81,2026-03-01T06:55:00,web,IN,0
T000614,U0088,D0164,C0485,IP0150,M0011,11.23,2026-02-26T22:22:00,web,GB,0
T000615,U0402,D0102,C0272,IP0242,M0063,169.35,2026-02-03T14:40:00,web,BR,0
T000616,U0279,D0100,C0391,IP0095,M0048,11.28,2026-01-26T20:51:00,mobile,IN,0
T000617,U0229,D0012,C0477,IP0135,M0057,99.98,2026-02-15T17:33:00,mobile,IN,0
T000618,U0429,D0069,C0100,IP0032,M0020,98.07,2026-01-22T03:03:00,web,BR,0
T000619,U0177,D0139,C0233,IP0212,M0076,184.26,2026-02-27T04:15:00,pos,US,1
T000620,U0431,D0100,C0487,IP0215,M0069,137.95,2026-01-05T00:26:00,pos,IN,0
T000621,U0244,D0077,C0036,IP0041,M0051,801.26,2026-01-08T23:43:00,pos,NG,0
T000622,U0462,D0133,C0460,IP0076,M0016,123.14,2026-02-04T10:02:00,web,IN,0
T000623,U0498,D0055,C0044,IP0099,M0017,192.2,2026-01-06T18:02:00,mobile,US,0
T000624,U0350,D0112,C0152,IP0104,M0081,320.86,2026-02-11T09:15:00,pos,GB,0
T000625,U0164,D0018,C0570,IP0045,M0050,380.5,2026-02-01T00:25:00,mobile,NG,0
T000626,U0167,D0071,C0639,IP0235,M0002,307.27,2026-02-13T16:08:00,pos,NG,0
T000627,U0401,D0108,C0154,IP0058,M0054,73.16,2026-01-19T01:11:00,web,NG,0
T000628,U0302,D0150,C0577,IP0052,M0014,7.67,2026-01-02T10:12:00,web,RU,0
T000629,U0147,D0138,C0271,IP0177,M0053,74.2,2026-02-23T04:31:00,mobile,BR,0
T000630,U0249,D0147,C0177,IP0243,M0005,157.81,2026-01-30T08:00:00,mobile,CA,1
T000631,U0074,D0159,C0406,IP0206,M0005,477.61,2026-01-06T21:29:00,mobile,BR,0
T000632,U0122,D0013,C0382,IP0244,M0035,91.08,2026-02-23T04:19:00,web,GB,0
T000633,U0419,D0078,C0504,IP0160,M0036,92.72,2026-01-16T21:21:00,pos,BR,0
T000634,U0051,D0059,C0454,IP0069,M0039,122.94,2026-01-28T17:36:00,mobile,GB,0
T000635,U0374,D0107,C0453,IP0046,M0025,13.2,2026-01-13T17:15:00,web,RU,0
T000636,U0209,D0125,C0528,IP0192,M0008,49.3,2026-02-06T03:03:00,web,US,1
T000637,U0160,D0130,C0537,IP0207,M0018,117.5,2026-01-07T19:28:00,pos,US,0
T000638,U0089,D0050,C0256,IP0103,M0008,279.93,2026-01-03T20:02:00,web,CA,1
T000639,U0026,D0093,C0378,IP0102,M0036,533.5,2026-01-21T14:16:00,mobile,NG,0
T000640,U0204,D0163,C0032,IP0064,M0088,273.62,2026-02-15T08:44:00,web,GB,0
T000641,U0251,D0153,C0486,IP0229,M0023,60.84,2026-01-31T05:41:00,pos,NG,0
T000642,U0180,D0089,C0093,IP0084,M0034,226.24,2026-01-08T10:27:00,mobile,US,0
T000643,U0198,D0013,C0220,IP0084,M0074,37.14,2026-01-13T05:04:00,web,BR,0
T000644,U0116,D0174,C0420,IP0106,M0035,407.18,2026-01-15T20:03:00,pos,US,0
T000645,U0443,D0175,C0136,IP0005,M0061,44.79,2026-01-30T23:08:00,pos,IN,0
T000646,U0308,D0003,C0623,IP0115,M0033,533.84,2026-01-26T00:21:00,mobile,BR,0
T000647,U0496,D0165,C0386,IP0141,M0055,50.24,2026-02-21T01:04:00,mobile,CA,0
T000648,U0130,D0056,C0534,IP0239,M0039,597.59,2026-02-25T21:18:00,pos,CA,0
T000649,U0300,D0027,C0384,IP0004,M0066,201.23,2026-01-04T08:02:00,pos,BR,0
T000650,U0305,D0156,C0111,IP0145,M0039,92.42,2026-02-11T12:15:00,mobile,US,0
T000651,U0173,D0119,C0284,IP0238,M0050,240.82,2026-01-12T10:18:00,mobile,BR,1
T000652,U0365,D0167,C0154,IP0153,M0025,373.57,2026-02-27T10:02:00,pos,RU,0
T000653,U0124,D0015,C0328,IP0207,M0085,246.16,2026-01-01T09:12:00,pos,IN,0
T000654,U0370,D0007,C0266,IP0255,M0038,38.1,2026-01-13T03:27:00,mobile,CA,0
T000655,U0199,D0010,C0228,IP0098,M0044,63.8,2026-02-15T09:52:00,pos,NG,0
T000656,U0327,D0122,C0308,IP0184,M0065,160.96,2026-02-05T02:40:00,web,RU,0
T000657,U0337,D0143,C0100,IP0093,M0038,216.15,2026-01-02T12:11:00,mobile,IN,0
T000658,U0380,D0067,C0344,IP0094,M0088,85.24,2026-02-06T08:55:00,pos,US,0
T000659,U0114,D0091,C0431,IP0115,M0040,49.35,2026-01-24T22:10:00,mobile,GB,0
T000660,U0134,D0150,C0121,IP0151,M0060,368.69,2026-02-05T12:52:00,mobile,US,0
T000661,U0444,D0163,C0200,IP0037,M0061,64.58,2026-02-13T15:04:00,pos,US,0
T000662,U0445,D0175,C0306,IP0196,M0068,91.77,2026-01-27T18:36:00,mobile,US,1
T000663,U0446,D0039,C0351,IP0071,M0026,134.42,2026-01-23T13:08:00,mobile,NG,0
T000664,U0458,D0118,C0185,IP0074,M0041,119.48,2026-01-12T13:57:00,web,CA,1
T000665,U0171,D0162,C0060,IP0091,M0041,339.54,2026-01-03T05:24:00,web,CA,0
T000666,U0141,D0054,C0163,IP0087,M0074,46.62,2026-02-18T22:39:00,mobile,RU,0
T000667,U0391,D0023,C0445,IP0067,M0079,328.83,2026-02-27T23:37:00,pos,CA,0
T000668,U0207,D0110,C0005,IP0245,M0050,45.99,2026-02-25T09:33:00,web,NG,0
T000669,U0103,D0096,C0544,IP0008,M0042,1641.93,2026-01-12T20:55:00,web,US,0
T000670,U0347,D0002,C0353,IP0128,M0029,275.64,2026-01-03T00:47:00,mobile,IN,1
T000671,U0053,D0099,C0314,IP0258,M0076,208.75,2026-02-09T12:54:00,web,US,0
T000672,U0422,D0012,C0467,IP0153,M0038,328.96,2026-02-26T05:22:00,pos,NG,0
T000673,U0306,D0135,C0138,IP0173,M0056,17.87,2026-02-12T03:01:00,mobile,CA,1
T000674,U0184,D0049,C0020,IP0085,M0052,37.01,2026-01-14T23:08:00,web,IN,0
T000675,U0373,D0034,C0604,IP0109,M0003,78.22,2026-01-24T21:39:00,pos,IN,0
T000676,U0064,D0094,C0262,IP0020,M0049,76.63,2026-02-03T19:10:00,pos,NG,0
T000677,U0025,D0153,C0111,IP0025,M0085,217.93,2026-02-26T20:13:00,pos,RU,0
T000678,U0011,D0013,C0455,IP0060,M0054,150.16,2026-02-19T17:53:00,mobile,US,1
T000679,U0281,D0065,C0211,IP0243,M0020,747.35,2026-02-24T13:19:00,pos,BR,0
T000680,U0323,D0003,C0104,IP0155,M0054,109.91,2026-02-05T03:16:00,pos,NG,0
T000681,U0139,D0160,C0108,IP0071,M0054,283.71,2026-02-01T04:11:00,pos,BR,0
T000682,U0317,D0031,C0109,IP0145,M0015,60.23,2026-01-21T09:11:00,mobile,IN,0
T000683,U0312,D0052,C0207,IP0135,M0067,361.64,2026-01-15T13:06:00,mobile,BR,0
T000684,U0210,D0076,C0562,IP0083,M0006,70.24,2026-01-30T22:57:00,mobile,IN,1
T000685,U0353,D0124,C0003,IP0170,M0031,155.85,2026-01-16T07:45:00,web,BR,0
T000686,U0046,D0029,C0093,IP0253,M0020,304.73,2026-01-28T19:45:00,pos,US,0
T000687,U0371,D0026,C0237,IP0132,M0083,300.44,2026-01-20T09:17:00,mobile,GB,0
T000688,U0136,D0119,C0179,IP0026,M0013,150.84,2026-01-24T18:20:00,web,RU,1
T000689,U0149,D0093,C0119,IP0161,M0055,67.59,2026-02-08T10:04:00,web,RU,0
T000690,U0389,D0012,C0175,IP0005,M0018,21.94,2026-02-15T01:27:00,mobile,GB,0
T000691,U0458,D0113,C0382,IP0138,M0012,98.12,2026-01-18T05:15:00,mobile,IN,0
T000692,U0059,D0103,C0279,IP0205,M0059,113.29,2026-02-20T04:07:00,mobile,BR,0
T000693,U0436,D0123,C0171,IP0216,M0084,70.67,2026-01-13T00:13:00,web,IN,0
T000694,U0357,D0016,C0427,IP0082,M0014,140.54,2026-01-28T01:34:00,pos,CA,0
T000695,U0411,D0146,C0626,IP0225,M0024,50.91,2026-02-13T23:36:00,mobile,RU,0
T000696,U0184,D0157,C0134,IP0015,M0088,228.43,2026-02-24T19:10:00,mobile,CA,0
T000697,U0058,D0106,C0065,IP0226,M0006,88.19,2026-02-01T08:13:00,mobile,BR,1
T000698,U0161,D0004,C0347,IP0115,M0086,88.95,2026-01-28T09:42:00,pos,NG,0
T000699,U0353,D0180,C0255,IP0049,M0056,200.29,2026-01-04T02:23:00,mobile,GB,0
T000700,U0340,D0174,C0572,IP0198,M0020,15.1,2026-01-22T01:45:00,pos,US,0
T000701,U0006,D0165,C0481,IP0081,M0065,14.89,2026-01-18T23:38:00,mobile,RU,0
T000702,U0085,D0020,C0247,IP0252,M0042,173.98,2026-01-12T20:22:00,mobile,GB,0
T000703,U0026,D0130,C0388,IP0115,M0071,653.53,2026-02-05T01:21:00,mobile,RU,0
T000704,U0121,D0021,C0587,IP0236,M0057,188.58,2026-02-25T21:49:00,mobile,US,0
T000705,U0439,D0128,C0122,IP0229,M0041,1179.67,2026-03-01T14:29:00,mobile,BR,0
T000706,U0335,D0005,C0423,IP0053,M0052,112.93,2026-01-05T22:41:00,web,NG,0
T000707,U0282,D0001,C0634,IP0047,M0078,46.35,2026-02-06T21:49:00,pos,GB,0
T000708,U0456,D0131,C0468,IP0106,M0084,319.9,2026-01-13T13:21:00,mobile,GB,0
T000709,U0423,D0014,C0340,IP0115,M0059,192.52,2026-01-16T21:20:00,pos,RU,0
T000710,U0318,D0154,C0373,IP0243,M0085,165.57,2026-01-18T11:06:00,pos,CA,0
T000711,U0059,D0025,C0350,IP0114,M0001,1052.22,2026-01-11T15:21:00,mobile,RU,0
T000712,U0325,D0075,C0047,IP0192,M0014,53.37,2026-01-26T05:02:00,web,CA,0
T000713,U0072,D0105,C0626,IP0055,M0033,17.93,2026-02-02T05:45:00,web,IN,0
T000714,U0062,D0101,C0196,IP0111,M0059,111.29,2026-01-07T08:33:00,pos,GB,0
T000715,U0056,D0107,C0603,IP0024,M0082,49.53,2026-02-03T18:44:00,web,RU,1
T000716,U0457,D0116,C0604,IP0235,M0085,32.11,2026-02-18T08:22:00,pos,IN,0
T000717,U0494,D0128,C0050,IP0003,M0068,66.49,2026-01-18T02:41:00,pos,CA,0
T000718,U0430,D0150,C0182,IP0248,M0066,120.59,2026-01-24T22:02:00,pos,NG,0
T000719,U0089,D0033,C0615,IP0054,M0050,637.39,2026-01-04T22:58:00,pos,GB,0
T000720,U0259,D0099,C0255,IP0215,M0078,150.12,2026-01-21T11:35:00,mobile,CA,0
T000721,U0494,D0088,C0137,IP0151,M0058,470.16,2026-01-22T14:35:00,web,CA,0
T000722,U0309,D0180,C0322,IP0154,M0071,132.97,2026-01-15T07:51:00,pos,BR,0
T000723,U0479,D0142,C0215,IP0112,M0026,122.16,2026-01-15T02:36:00,pos,BR,1
T000724,U0149,D0176,C0136,IP0177,M0087,98.11,2026-03-01T05:12:00,pos,BR,0
T000725,U0500,D0046,C0331,IP0258,M0070,218.91,2026-01-02T11:40:00,pos,US,0
T000726,U0390,D0091,C0585,IP0246,M0075,516.49,2026-01-24T06:31:00,pos,BR,0
T000727,U0214,D0173,C0014,IP0147,M0055,72.7,2026-02-03T12:07:00,pos,US,0
T000728,U0013,D0098,C0058,IP0075,M0007,18.21,2026-02-08T13:38:00,web,GB,0
T000729,U0385,D0042,C0257,IP0147,M0088,119.02,2026-02-01T13:21:00,web,RU,0
T000730,U0032,D0177,C0555,IP0152,M0027,101.5,2026-03-01T10:51:00,web,GB,0
T000731,U0417,D0116,C0576,IP0053,M0079,60.34,2026-01-26T16:53:00,web,BR,0
T000732,U0332,D0144,C0524,IP0200,M0031,136.84,2026-01-11T01:49:00,pos,GB,0
T000733,U0355,D0171,C0397,IP0025,M0049,119.12,2026-02-12T10:53:00,mobile,RU,0
T000734,U0500,D0176,C0056,IP0161,M0071,76.37,2026-01-18T22:12:00,web,BR,0
T000735,U0129,D0052,C0649,IP0227,M0029,175.12,2026-01-16T09:55:00,pos,BR,0
T000736,U0332,D0095,C0302,IP0101,M0025,191.33,2026-02-12T09:38:00,mobile,IN,0
T000737,U0350,D0020,C0527,IP0096,M0023,328.86,2026-01-29T10:19:00,web,CA,0
T000738,U0021,D0110,C0271,IP0143,M0072,20.98,2026-02-16T23:10:00,web,IN,0
T000739,U0300,D0066,C0478,IP0003,M0043,18.0,2026-02-01T22:50:00,pos,IN,0
T000740,U0021,D0040,C0053,IP0166,M0077,84.29,2026-02-20T05:49:00,pos,NG,0
T000741,U0432,D0170,C0587,IP0155,M0063,199.39,2026-02-04T00:36:00,pos,GB,0
T000742,U0038,D0082,C0534,IP0113,M0024,286.35,2026-02-01T12:08:00,web,RU,1
T000743,U0259,D0041,C0550,IP0213,M0070,397.88,2026-01-31T08:01:00,mobile,US,0
T000744,U0179,D0057,C0340,IP0110,M0085,6.95,2026-01-27T17:10:00,mobile,GB,0
T000745,U0151,D0056,C0010,IP0244,M0072,246.3,2026-01-14T03:52:00,web,BR,0
T000746,U0178,D0115,C0629,IP0124,M0083,130.0,2026-02-15T05:53:00,pos,IN,0
T000747,U0491,D0015,C0391,IP0238,M0050,41.02,2026-01-06T13:15:00,web,CA,1
T000748,U0132,D0139,C0530,IP0145,M0004,145.42,2026-02-08T06:25:00,mobile,NG,0
T000749,U0412,D0131,C0045,IP0229,M0063,49.17,2026-01-28T05:35:00,mobile,BR,1
T000750,U0099,D0083,C0172,IP0043,M0013,37.73,2026-01-24T02:59:00,pos,NG,0
T000751,U0004,D0161,C0645,IP0034,M0027,76.53,2026-02-01T16:00:00,web,RU,0
T000752,U0351,D0109,C0551,IP0054,M0027,96.05,2026-02-07T14:32:00,pos,BR,0
T000753,U0397,D0112,C0158,IP0037,M0088,51.78,2026-01-28T01:40:00,web,CA,0
T000754,U0368,D0085,C0076,IP0020,M0012,336.81,2026-02-05T18:02:00,web,IN,0
T000755,U0407,D0065,C0234,IP0037,M0074,75.95,2026-01-02T07:30:00,mobile,CA,1
T000756,U0199,D0116,C0324,IP0208,M0056,81.97,2026-01-03T16:44:00,web,CA,0
T000757,U0345,D0031,C0634,IP0004,M0083,357.46,2026-01-16T06:53:00,web,RU,0
T000758,U0382,D0150,C0367,IP0024,M0010,257.28,2026-01-27T01:49:00,pos,US,0
T000759,U0149,D0176,C0089,IP0155,M0078,24.12,2026-02-25T17:30:00,mobile,RU,0
T000760,U0475,D0113,C0032,IP0196,M0051,60.7,2026-02-14T08:16:00,mobile,IN,0
T000761,U0274,D0170,C0401,IP0087,M0008,262.41,2026-01-13T03:06:00,pos,GB,1
T000762,U0492,D0163,C0383,IP0074,M0039,103.16,2026-02-19T14:01:00,web,NG,0
T000763,U0448,D0143,C0043,IP0073,M0016,211.86,2026-01-12T09:50:00,web,NG,0
T000764,U0306,D0101,C0216,IP0044,M0040,547.03,2026-02-17T05:11:00,pos,BR,0
T000765,U0463,D0089,C0525,IP0109,M0053,352.83,2026-02-05T05:50:00,web,IN,0
T000766,U0095,D0057,C0118,IP0130,M0025,114.84,2026-01-04T20:27:00,web,BR,0
T000767,U0410,D0146,C0473,IP0028,M0071,533.57,2026-02-02T04:03:00,pos,NG,0
T000768,U0038,D0075,C0101,IP0035,M0033,365.17,2026-02-15T11:34:00,web,BR,0
T000769,U0298,D0125,C0132,IP0170,M0046,93.92,2026-01-13T21:08:00,pos,BR,0
T000770,U0121,D0026,C0072,IP0146,M0080,320.48,2026-01-20T01:31:00,web,GB,0
T000771,U0249,D0116,C0314,IP0169,M0079,51.65,2026-01-14T11:13:00,pos,NG,0
T000772,U0079,D0145,C0439,IP0187,M0041,160.51,2026-01-03T04:09:00,web,US,1
T000773,U0161,D0064,C0447,IP0114,M0083,84.4,2026-01-09T15:33:00,mobile,RU,1
T000774,U0185,D0035,C0474,IP0170,M0062,71.15,2026-01-25T01:52:00,mobile,GB,0
T000775,U0397,D0079,C0112,IP0250,M0071,257.98,2026-01-29T04:09:00,web,BR,1
T000776,U0311,D0021,C0552,IP0144,M0018,238.88,2026-02-02T21:41:00,web,GB,0
T000777,U0376,D0161,C0020,IP0040,M0010,108.17,2026-02-23T00:28:00,pos,BR,0
T000778,U0016,D0149,C0218,IP0208,M0076,48.66,2026-02-28T21:02:00,web,NG,1
T000779,U0134,D0140,C0153,IP0242,M0084,44.89,2026-02-03T18:06:00,mobile,CA,0
T000780,U0115,D0151,C0476,IP0149,M0018,153.04,2026-01-26T04:55:00,pos,NG,0
T000781,U0047,D0102,C0011,IP0187,M0065,102.73,2026-01-18T22:58:00,pos,IN,0
T000782,U0435,D0158,C0144,IP0085,M0066,62.52,2026-02-28T01:47:00,mobile,IN,0
T000783,U0092,D0145,C0368,IP0075,M0062,65.31,2026-01-10T03:26:00,web,IN,1
T000784,U0390,D0125,C0271,IP0119,M0009,508.22,2026-02-10T09:51:00,mobile,IN,1
T000785,U0022,D0172,C0370,IP0106,M0067,53.42,2026-02-16T16:31:00,mobile,CA,0
T000786,U0470,D0117,C0332,IP0024,M0006,86.52,2026-03-01T23:07:00,web,BR,0
T000787,U0496,D0134,C0593,IP0141,M0034,228.8,2026-01-25T16:56:00,pos,NG,0
T000788,U0090,D0097,C0602,IP0194,M0047,34.56,2026-02-05T06:55:00,pos,RU,0
T000789,U0040,D0133,C0229,IP0129,M0049,129.62,2026-02-25T11:34:00,pos,CA,0
T000790,U0181,D0089,C0619,IP0250,M0062,41.53,2026-02-10T00:14:00,web,NG,1
T000791,U0452,D0036,C0236,IP0226,M0022,12.9,2026-02-20T00:02:00,web,NG,1
T000792,U0330,D0072,C0192,IP0109,M0020,180.62,2026-01-14T08:22:00,web,GB,0
T000793,U0309,D0031,C0339,IP0118,M0054,257.85,2026-01-02T06:16:00,pos,US,0
T000794,U0247,D0173,C0216,IP0246,M0062,202.66,2026-02-27T11:04:00,pos,IN,0
T000795,U0332,D0106,C0045,IP0012,M0032,87.14,2026-01-12T18:53:00,web,NG,1
T000796,U0304,D0042,C0525,IP0069,M0081,62.6,2026-01-21T04:23:00,web,NG,1
T000797,U0076,D0015,C0185,IP0086,M0034,323.38,2026-01-07T18:50:00,pos,CA,1
T000798,U0307,D0145,C0291,IP0010,M0085,69.38,2026-01-16T10:17:00,web,IN,1
T000799,U0230,D0156,C0175,IP0242,M0062,71.02,2026-01-12T23:43:00,web,RU,0
T000800,U0211,D0179,C0187,IP0087,M0073,36.63,2026-02-09T01:10:00,pos,BR,1
T000801,U0262,D0068,C0351,IP0086,M0088,121.37,2026-01-11T11:07:00,mobile,NG,1
T000802,U0303,D0018,C0395,IP0118,M0049,587.53,2026-02-06T19:35:00,web,US,0
T000803,U0009,D0052,C0430,IP0259,M0088,302.52,2026-02-27T19:25:00,web,NG,0
T000804,U0050,D0046,C0615,IP0244,M0079,63.79,2026-02-02T22:23:00,web,RU,0
T000805,U0273,D0129,C0494,IP0061,M0012,270.62,2026-02-22T00:30:00,pos,IN,0
T000806,U0462,D0155,C0442,IP0001,M0087,57.62,2026-02-03T18:44:00,pos,CA,0
T000807,U0190,D0012,C0494,IP0220,M0030,349.46,2026-02-08T09:52:00,mobile,GB,0
T000808,U0302,D0179,C0138,IP0051,M0055,503.52,2026-02-05T15:29:00,mobile,CA,0
T000809,U0393,D0060,C0613,IP0043,M0037,628.08,2026-01-20T21:47:00,pos,CA,0
T000810,U0132,D0049,C0592,IP0003,M0001,106.47,2026-01-05T18:29:00,pos,US,0
T000811,U0267,D0002,C0211,IP0193,M0084,185.39,2026-02-22T13:52:00,pos,RU,1
T000812,U0162,D0105,C0159,IP0186,M0014,258.49,2026-02-12T12:52:00,mobile,BR,0
T000813,U0300,D0065,C0434,IP0134,M0069,14.47,2026-01-07T18:18:00,pos,GB,1
T000814,U0314,D0071,C0424,IP0204,M0027,146.11,2026-02-04T05:51:00,pos,RU,0
T000815,U0286,D0124,C0573,IP0092,M0048,118.22,2026-01-29T03:32:00,pos,CA,0
T000816,U0130,D0119,C0408,IP0257,M0050,497.65,2026-02-17T09:27:00,pos,IN,1
T000817,U0438,D0169,C0458,IP0061,M0030,117.63,2026-01-19T02:20:00,pos,IN,0
T000818,U0052,D0055,C0564,IP0206,M0044,67.76,2026-01-12T01:24:00,pos,BR,0
T000819,U0351,D0014,C0006,IP0083,M0050,55.46,2026-01-19T21:02:00,web,RU,1
T000820,U0075,D0121,C0066,IP0223,M0012,111.08,2026-02-08T13:14:00,mobile,IN,0
T000821,U0190,D0021,C0411,IP0020,M0050,157.48,2026-02-06T10:37:00,pos,BR,1
T000822,U0267,D0074,C0507,IP0030,M0023,593.48,2026-02-06T21:01:00,mobile,US,0
T000823,U0104,D0169,C0035,IP0147,M0025,230.61,2026-01-09T07:46:00,pos,NG,0
T000824,U0265,D0179,C0174,IP0119,M0079,74.78,2026-01-15T16:02:00,pos,US,1
T000825,U0185,D0062,C0089,IP0001,M0021,1250.16,2026-01-04T22:39:00,mobile,RU,0
T000826,U0205,D0091,C0601,IP0203,M0052,241.7,2026-01-27T21:46:00,web,NG,0
T000827,U0008,D0018,C0292,IP0047,M0071,93.19,2026-02-09T11:14:00,pos,RU,0
T000828,U0287,D0150,C0284,IP0179,M0045,92.72,2026-01-21T05:59:00,web,NG,1
T000829,U0494,D0050,C0589,IP0233,M0052,85.35,2026-01-19T03:37:00,web,GB,0
T000830,U0090,D0105,C0075,IP0055,M0072,68.94,2026-02-16T20:31:00,pos,GB,0
T000831,U0175,D0030,C0589,IP0132,M0069,177.44,2026-01-24T10:30:00,mobile,BR,0
T000832,U0227,D0097,C0348,IP0248,M0032,35.68,2026-02-22T11:44:00,mobile,BR,1
T000833,U0236,D0151,C0120,IP0015,M0062,56.7,2026-01-20T06:38:00,mobile,US,0
T000834,U0196,D0163,C0236,IP0113,M0087,31.24,2026-01-24T09:59:00,mobile,CA,0
T000835,U0490,D0091,C0255,IP0005,M0034,109.97,2026-01-04T14:07:00,mobile,US,0
T000836,U0205,D0173,C0568,IP0176,M0010,361.98,2026-02-10T13:28:00,web,CA,0
T000837,U0161,D0091,C0276,IP0112,M0074,110.4,2026-01-23T13:05:00,web,BR,0
T000838,U0350,D0049,C0241,IP0256,M0026,107.87,2026-02-12T16:04:00,pos,IN,0
T000839,U0447,D0068,C0208,IP0106,M0030,148.54,2026-03-01T20:32:00,web,RU,0
T000840,U0317,D0092,C0123,IP0080,M0014,295.59,2026-01-17T08:53:00,web,BR,1
T000841,U0490,D0170,C0007,IP0253,M0079,47.74,2026-01-17T12:27:00,pos,US,0
T000842,U0435,D0124,C0323,IP0191,M0080,38.93,2026-02-02T12:06:00,mobile,NG,0
T000843,U0445,D0071,C0524,IP0252,M0024,62.06,2026-02-11T12:41:00,mobile,CA,0
T000844,U0114,D0148,C0539,IP0066,M0007,1439.15,2026-01-03T13:51:00,mobile,CA,0
T000845,U0482,D0139,C0356,IP0017,M0065,122.01,2026-01-01T23:11:00,mobile,RU,0
T000846,U0352,D0045,C0531,IP0235,M0016,52.18,2026-01-19T04:48:00,mobile,GB,0
T000847,U0353,D0003,C0216,IP0007,M0087,25.25,2026-01-05T01:05:00,mobile,NG,1
T000848,U0052,D0084,C0266,IP0186,M0079,120.43,2026-02-12T16:52:00,web,NG,0
T000849,U0135,D0061,C0628,IP0138,M0061,346.55,2026-01-24T18:05:00,mobile,GB,0
T000850,U0095,D0128,C0430,IP0218,M0027,72.07,2026-01-12T04:02:00,pos,RU,0
T000851,U0191,D0094,C0462,IP0206,M0036,38.03,2026-01-08T05:24:00,web,NG,0
T000852,U0068,D0148,C0277,IP0118,M0013,419.12,2026-02-27T20:41:00,web,NG,1
T000853,U0222,D0098,C0154,IP0101,M0019,55.47,2026-02-02T10:40:00,mobile,RU,0
T000854,U0005,D0046,C0138,IP0216,M0064,63.02,2026-01-05T14:21:00,pos,NG,0
T000855,U0274,D0081,C0257,IP0250,M0039,72.08,2026-01-08T16:12:00,pos,RU,1
T000856,U0291,D0013,C0168,IP0204,M0013,127.06,2026-02-22T00:29:00,web,IN,0
T000857,U0417,D0066,C0099,IP0244,M0081,33.33,2026-02-19T13:29:00,mobile,BR,0
T000858,U0172,D0067,C0574,IP0185,M0047,611.54,2026-01-11T10:14:00,pos,RU,0
T000859,U0132,D0089,C0125,IP0011,M0053,256.93,2026-01-18T10:47:00,mobile,RU,0
T000860,U0348,D0156,C0590,IP0102,M0074,34.86,2026-01-12T16:50:00,pos,BR,0
T000861,U0276,D0045,C0333,IP0146,M0046,209.79,2026-02-03T21:45:00,pos,NG,0
T000862,U0250,D0115,C0629,IP0041,M0049,183.62,2026-01-10T06:11:00,mobile,CA,0
T000863,U0324,D0038,C0346,IP0086,M0082,237.08,2026-02-20T21:23:00,mobile,BR,1
T000864,U0314,D0147,C0082,IP0208,M0010,71.77,2026-01-26T00:03:00,web,GB,0
T000865,U0117,D0081,C0299,IP0163,M0084,352.72,2026-02-28T05:35:00,pos,GB,0
T000866,U0310,D0166,C0456,IP0203,M0035,55.02,2026-02-17T10:32:00,mobile,BR,1
T000867,U0301,D0134,C0172,IP0231,M0053,81.63,2026-02-20T03:30:00,web,RU,0
T000868,U0012,D0033,C0258,IP0121,M0085,718.18,2026-01-17T10:54:00,pos,BR,0
T000869,U0384,D0021,C0407,IP0108,M0022,48.96,2026-01-28T22:51:00,web,US,0
T000870,U0033,D0122,C0407,IP0028,M0004,55.9,2026-01-12T16:33:00,pos,RU,0
T000871,U0043,D0027,C0160,IP0135,M0080,28.3,2026-01-31T20:35:00,web,BR,0
T000872,U0477,D0100,C0254,IP0159,M0030,211.62,2026-01-10T20:31:00,pos,GB,0
T000873,U0227,D0161,C0540,IP0065,M0017,170.79,2026-02-26T18:30:00,web,US,0
T000874,U0018,D0119,C0488,IP0194,M0050,352.2,2026-02-03T18:40:00,mobile,RU,1
T000875,U0277,D0070,C0553,IP0228,M0018,264.23,2026-01-08T07:17:00,web,NG,1
T000876,U0306,D0117,C0547,IP0223,M0068,227.49,2026-02-28T06:45:00,mobile,GB,0
T000877,U0247,D0139,C0453,IP0117,M0012,27.17,2026-02-18T14:10:00,mobile,GB,0
T000878,U0212,D0067,C0011,IP0080,M0039,30.94,2026-01-19T12:35:00,web,NG,1
T000879,U0418,D0035,C0481,IP0177,M0037,85.0,2026-02-20T09:47:00,pos,US,1
T000880,U0353,D0126,C0010,IP0245,M0039,132.46,2026-01-21T07:43:00,mobile,RU,0
T000881,U0150,D0153,C0562,IP0119,M0001,350.22,2026-01-19T18:13:00,mobile,IN,0
T000882,U0211,D0144,C0256,IP0224,M0051,68.47,2026-02-05T16:27:00,web,BR,0
T000883,U0378,D0166,C0226,IP0200,M0049,366.68,2026-02-27T05:57:00,mobile,US,0
T000884,U0217,D0170,C0279,IP0257,M0073,337.27,2026-01-07T07:34:00,mobile,BR,1
T000885,U0381,D0137,C0193,IP0138,M0053,114.26,2026-01-09T04:51:00,web,IN,0
T000886,U0070,D0075,C0467,IP0057,M0082,193.7,2026-01-26T06:19:00,pos,CA,0
T000887,U0140,D0180,C0329,IP0252,M0025,1134.67,2026-01-15T06:37:00,web,IN,0
T000888,U0026,D0137,C0105,IP0012,M0024,23.07,2026-01-30T05:15:00,mobile,GB,1
T000889,U0065,D0113,C0093,IP0005,M0030,67.22,2026-01-29T12:09:00,web,US,0
T000890,U0253,D0056,C0320,IP0176,M0054,33.18,2026-01-20T03:36:00,mobile,GB,1
T000891,U0238,D0179,C0083,IP0017,M0043,77.57,2026-01-29T06:38:00,web,US,0
T000892,U0137,D0101,C0482,IP0037,M0070,74.83,2026-02-05T23:27:00,web,IN,0
T000893,U0459,D0065,C0125,IP0196,M0002,255.0,2026-01-30T03:07:00,pos,IN,0
T000894,U0198,D0114,C0204,IP0127,M0005,51.8,2026-01-04T20:07:00,mobile,BR,1
T000895,U0395,D0025,C0399,IP0107,M0061,197.38,2026-02-17T20:19:00,pos,GB,0
T000896,U0480,D0083,C0044,IP0082,M0081,290.72,2026-02-12T11:03:00,pos,NG,0
T000897,U0267,D0032,C0306,IP0130,M0062,116.19,2026-02-04T17:58:00,web,GB,0
T000898,U0455,D0014,C0242,IP0112,M0015,171.06,2026-01-14T09:10:00,pos,CA,0
T000899,U0167,D0004,C0599,IP0086,M0036,50.57,2026-01-21T00:49:00,web,CA,0
T000900,U0405,D0063,C0596,IP0005,M0006,169.1,2026-02-01T11:31:00,pos,CA,0
T000901,U0353,D0153,C0092,IP0080,M0048,180.39,2026-01-12T12:19:00,web,IN,0
T000902,U0256,D0024,C0062,IP0174,M0081,53.6,2026-01-07T05:03:00,web,GB,0
T000903,U0331,D0170,C0110,IP0238,M0063,83.33,2026-02-01T12:36:00,web,CA,1
T000904,U0120,D0082,C0198,IP0178,M0057,14.73,2026-01-07T23:10:00,web,BR,0
T000905,U0194,D0092,C0041,IP0069,M0033,694.8,2026-02-03T20:29:00,mobile,BR,0
T000906,U0225,D0144,C0502,IP0151,M0070,57.94,2026-02-10T16:14:00,web,NG,0
T000907,U0096,D0140,C0480,IP0179,M0042,355.4,2026-02-11T08:36:00,mobile,RU,0
T000908,U0426,D0154,C0544,IP0083,M0009,160.35,2026-01-20T19:39:00,web,CA,0
T000909,U0152,D0068,C0001,IP0188,M0059,67.83,2026-02-22T01:54:00,pos,NG,0
T000910,U0195,D0048,C0373,IP0010,M0080,78.15,2026-02-21T07:26:00,pos,IN,0
T000911,U0165,D0017,C0537,IP0199,M0025,955.08,2026-01-18T19:51:00,pos,CA,0
T000912,U0393,D0142,C0290,IP0079,M0079,203.56,2026-02-27T06:08:00,mobile,CA,0
T000913,U0329,D0083,C0536,IP0057,M0013,44.3,2026-02-27T22:05:00,pos,US,0
T000914,U0023,D0034,C0207,IP0092,M0005,102.09,2026-02-02T22:31:00,web,CA,0
T000915,U0099,D0026,C0398,IP0017,M0074,288.05,2026-02-08T23:15:00,pos,CA,0
T000916,U0270,D0179,C0263,IP0238,M0073,24.38,2026-01-02T16:48:00,web,GB,1
T000917,U0114,D0156,C0214,IP0037,M0002,264.76,2026-02-01T15:38:00,pos,CA,0
T000918,U0476,D0021,C0063,IP0240,M0082,129.56,2026-02-20T01:34:00,mobile,NG,0
T000919,U0381,D0107,C0632,IP0189,M0008,123.84,2026-02-22T12:37:00,mobile,NG,0
T000920,U0021,D0019,C0222,IP0156,M0010,128.54,2026-01-31T08:36:00,pos,US,0
T000921,U0052,D0060,C0198,IP0198,M0025,197.95,2026-02-07T00:59:00,pos,BR,0
T000922,U0128,D0146,C0572,IP0092,M0072,260.89,2026-01-14T22:11:00,mobile,BR,0
T000923,U0055,D0179,C0470,IP0197,M0069,96.32,2026-01-07T14:00:00,pos,BR,1
T000924,U0219,D0027,C0564,IP0086,M0024,48.57,2026-01-25T03:45:00,mobile,NG,0
T000925,U0173,D0169,C0615,IP0081,M0069,54.29,2026-01-11T18:29:00,mobile,GB,1
T000926,U0463,D0081,C0423,IP0167,M0048,428.31,2026-02-03T10:56:00,pos,CA,0
T000927,U0423,D0083,C0559,IP0124,M0073,143.4,2026-01-27T10:19:00,web,CA,0
T000928,U0393,D0141,C0464,IP0131,M0047,48.02,2026-01-01T10:12:00,mobile,CA,0
T000929,U0001,D0009,C0017,IP0146,M0077,125.21,2026-01-09T22:01:00,pos,IN,0
T000930,U0456,D0078,C0228,IP0004,M0039,94.14,2026-01-21T04:48:00,web,RU,0
T000931,U0162,D0006,C0524,IP0142,M0071,67.77,2026-02-08T09:27:00,pos,NG,0
T000932,U0475,D0147,C0039,IP0080,M0013,91.91,2026-01-01T01:25:00,mobile,GB,0
T000933,U0080,D0036,C0597,IP0136,M0047,152.3,2026-01-05T17:36:00,web,IN,0
T000934,U0132,D0077,C0410,IP0048,M0074,112.9,2026-02-17T12:15:00,pos,IN,0
T000935,U0376,D0020,C0178,IP0167,M0062,73.65,2026-01-05T05:30:00,mobile,RU,0
T000936,U0461,D0177,C0308,IP0049,M0077,21.62,2026-02-07T04:23:00,web,BR,1
T000937,U0414,D0148,C0058,IP0196,M0011,221.65,2026-01-23T12:03:00,mobile,GB,0
T000938,U0451,D0112,C0233,IP0214,M0016,74.12,2026-02-03T03:50:00,pos,BR,0
T000939,U0435,D0155,C0648,IP0006,M0082,59.56,2026-01-21T09:41:00,mobile,US,0
T000940,U0157,D0135,C0553,IP0022,M0041,247.07,2026-02-12T07:32:00,pos,IN,0
T000941,U0168,D0129,C0052,IP0114,M0020,116.71,2026-02-27T09:54:00,pos,BR,1
T000942,U0202,D0115,C0228,IP0259,M0012,84.94,2026-02-21T08:35:00,mobile,GB,0
T000943,U0403,D0101,C0345,IP0076,M0017,136.34,2026-01-25T23:20:00,web,CA,0
T000944,U0293,D0013,C0088,IP0205,M0034,122.49,2026-02-21T06:03:00,mobile,NG,0
T000945,U0223,D0179,C0493,IP0067,M0018,45.68,2026-02-14T13:36:00,pos,IN,0
T000946,U0250,D0102,C0631,IP0101,M0072,205.43,2026-01-30T19:02:00,pos,NG,0
T000947,U0127,D0063,C0441,IP0037,M0035,24.41,2026-01-15T16:22:00,mobile,BR,0
T000948,U0474,D0148,C0424,IP0046,M0015,33.81,2026-02-28T06:36:00,mobile,GB,0
T000949,U0179,D0049,C0609,IP0165,M0045,134.31,2026-02-01T16:10:00,pos,US,0
T000950,U0395,D0079,C0632,IP0087,M0045,127.3,2026-02-01T06:02:00,mobile,NG,0
T000951,U0075,D0113,C0205,IP0023,M0030,367.24,2026-02-25T22:35:00,pos,GB,0
T000952,U0080,D0022,C0249,IP0058,M0007,70.93,2026-01-10T05:04:00,pos,IN,0
T000953,U0445,D0074,C0114,IP0008,M0044,245.72,2026-02-07T15:55:00,mobile,CA,0
T000954,U0242,D0006,C0551,IP0170,M0027,52.14,2026-02-12T07:22:00,web,IN,0
T000955,U0280,D0134,C0495,IP0133,M0071,263.02,2026-02-02T10:15:00,pos,BR,1
T000956,U0073,D0178,C0597,IP0010,M0049,30.53,2026-02-23T03:40:00,pos,NG,0
T000957,U0023,D0066,C0291,IP0088,M0008,474.59,2026-01-15T15:48:00,web,RU,0
T000958,U0357,D0159,C0477,IP0139,M0007,25.91,2026-02-21T02:49:00,pos,US,0
T000959,U0035,D0100,C0369,IP0139,M0085,210.7,2026-02-26T08:32:00,web,US,0
T000960,U0150,D0167,C0390,IP0198,M0030,97.24,2026-01-30T21:31:00,pos,BR,0
T000961,U0051,D0081,C0545,IP0249,M0077,73.78,2026-02-23T07:07:00,web,IN,0
T000962,U0102,D0129,C0023,IP0235,M0072,291.3,2026-01-12T01:36:00,web,IN,0
T000963,U0473,D0136,C0502,IP0157,M0043,158.46,2026-01-11T19:03:00,mobile,BR,0
T000964,U0081,D0005,C0361,IP0178,M0088,46.74,2026-02-15T17:12:00,mobile,BR,0
T000965,U0155,D0061,C0064,IP0257,M0036,513.28,2026-01-26T08:00:00,pos,GB,1
T000966,U0450,D0100,C0287,IP0016,M0072,96.4,2026-01-16T09:36:00,web,IN,0
T000967,U0175,D0101,C0392,IP0071,M0012,455.84,2026-01-24T22:20:00,pos,BR,0
T000968,U0314,D0161,C0247,IP0117,M0054,631.51,2026-02-24T21:47:00,pos,IN,0
T000969,U0219,D0080,C0556,IP0169,M0058,209.74,2026-01-04T15:15:00,web,IN,1
T000970,U0335,D0036,C0317,IP0104,M0018,65.0,2026-01-20T16:25:00,pos,BR,0
T000971,U0461,D0135,C0149,IP0070,M0056,106.87,2026-01-19T15:51:00,pos,NG,0
T000972,U0470,D0041,C0571,IP0163,M0009,114.42,2026-02-27T01:50:00,pos,BR,0
T000973,U0061,D0048,C0031,IP0163,M0019,58.71,2026-02-16T08:07:00,mobile,CA,0
T000974,U0493,D0106,C0281,IP0156,M0057,48.4,2026-01-01T05:45:00,web,RU,0
T000975,U0097,D0028,C0027,IP0068,M0024,32.34,2026-02-01T01:20:00,pos,NG,0
T000976,U0137,D0156,C0238,IP0119,M0077,100.81,2026-02-06T21:38:00,web,BR,1
T000977,U0014,D0092,C0489,IP0041,M0089,194.66,2026-01-18T01:32:00,web,NG,1
T000978,U0434,D0155,C0383,IP0241,M0084,288.04,2026-02-27T20:34:00,web,RU,0
T000979,U0199,D0126,C0168,IP0243,M0018,172.78,2026-02-16T12:54:00,web,IN,0
T000980,U0017,D0105,C0423,IP0008,M0035,63.49,2026-02-23T02:38:00,web,BR,0
T000981,U0344,D0052,C0182,IP0105,M0009,56.78,2026-02-16T10:07:00,mobile,RU,0
T000982,U0316,D0126,C0253,IP0167,M0059,341.66,2026-01-25T22:35:00,mobile,CA,0
T000983,U0398,D0011,C0404,IP0195,M0041,94.38,2026-02-08T17:10:00,pos,BR,0
T000984,U0293,D0153,C0112,IP0020,M0067,53.18,2026-01-17T14:15:00,mobile,CA,0
T000985,U0424,D0011,C0551,IP0126,M0067,34.6,2026-01-15T05:01:00,mobile,BR,0
T000986,U0021,D0143,C0646,IP0199,M0067,248.97,2026-01-24T08:38:00,web,IN,0
T000987,U0150,D0113,C0293,IP0204,M0039,284.54,2026-02-15T17:18:00,mobile,IN,0
T000988,U0217,D0119,C0530,IP0257,M0034,116.16,2026-01-20T01:25:00,web,CA,1
T000989,U0425,D0166,C0513,IP0232,M0012,170.65,2026-01-29T14:49:00,web,IN,0
T000990,U0399,D0150,C0424,IP0070,M0051,231.6,2026-02-23T09:37:00,mobile,CA,0
T000991,U0013,D0046,C0207,IP0233,M0076,114.24,2026-01-07T10:37:00,mobile,US,0
T000992,U0129,D0083,C0094,IP0084,M0016,148.89,2026-02-04T13:10:00,web,BR,0
T000993,U0231,D0163,C0537,IP0186,M0011,115.63,2026-01-23T09:30:00,pos,CA,0
T000994,U0373,D0131,C0564,IP0082,M0049,83.38,2026-01-20T07:43:00,mobile,US,0
T000995,U0394,D0044,C0154,IP0172,M0073,68.64,2026-02-13T15:50:00,web,RU,1
T000996,U0075,D0046,C0316,IP0027,M0054,1363.49,2026-01-30T05:20:00,mobile,BR,0
T000997,U0394,D0115,C0186,IP0148,M0081,130.34,2026-02-11T03:30:00,web,IN,1
T000998,U0492,D0052,C0260,IP0002,M0080,266.8,2026-01-03T08:01:00,web,CA,0
T000999,U0255,D0128,C0506,IP0003,M0078,56.51,2026-02-05T13:20:00,web,IN,0
T001000,U0302,D0169,C0420,IP0244,M0059,138.77,2026-01-03T20:13:00,mobile,US,0
T001001,U0308,D0154,C0561,IP0004,M0032,400.05,2026-02-02T07:14:00,mobile,NG,0
T001002,U0322,D0143,C0190,IP0107,M0007,168.73,2026-01-04T15:35:00,web,US,0
T001003,U0335,D0090,C0034,IP0019,M0019,347.96,2026-01-12T00:41:00,pos,NG,0
T001004,U0430,D0155,C0090,IP0153,M0043,48.13,2026-02-15T12:03:00,web,US,0
T001005,U0214,D0046,C0292,IP0083,M0087,251.36,2026-02-18T14:45:00,pos,BR,0
T001006,U0355,D0180,C0593,IP0091,M0059,102.37,2026-02-26T01:56:00,mobile,US,0
T001007,U0048,D0077,C0389,IP0166,M0048,462.38,2026-02-16T16:52:00,web,RU,0
T001008,U0219,D0141,C0483,IP0034,M0038,642.12,2026-02-17T23:04:00,web,US,0
T001009,U0356,D0071,C0424,IP0169,M0068,92.39,2026-01-27T21:07:00,pos,IN,1
T001010,U0357,D0054,C0586,IP0030,M0014,476.95,2026-02-04T09:52:00,pos,BR,0
T001011,U0271,D0023,C0620,IP0248,M0089,157.07,2026-02-17T15:23:00,pos,GB,1
T001012,U0219,D0156,C0539,IP0163,M0034,172.08,2026-01-27T11:21:00,pos,NG,1
T001013,U0182,D0034,C0648,IP0255,M0067,49.06,2026-01-13T05:01:00,mobile,CA,0
T001014,U0414,D0170,C0298,IP0257,M0089,166.46,2026-01-16T00:14:00,web,US,1
T001015,U0061,D0007,C0121,IP0239,M0081,122.68,2026-02-07T20:45:00,pos,RU,0
T001016,U0107,D0158,C0047,IP0213,M0053,197.92,2026-01-28T21:01:00,mobile,GB,0
T001017,U0287,D0164,C0207,IP0109,M0002,17.59,2026-01-29T14:30:00,pos,GB,0
T001018,U0131,D0018,C0519,IP0158,M0039,223.82,2026-01-20T14:45:00,pos,GB,0
T001019,U0393,D0002,C0342,IP0059,M0088,64.51,2026-01-14T08:05:00,mobile,CA,0
T001020,U0371,D0146,C0199,IP0015,M0023,42.51,2026-02-09T17:21:00,mobile,RU,0
T001021,U0174,D0173,C0037,IP0246,M0061,186.32,2026-01-22T07:41:00,pos,IN,0
T001022,U0247,D0040,C0344,IP0236,M0069,111.54,2026-01-30T11:28:00,mobile,RU,1
T001023,U0417,D0106,C0307,IP0029,M0067,438.25,2026-01-17T18:57:00,pos,BR,0
T001024,U0348,D0081,C0592,IP0010,M0027,42.01,2026-02-25T23:29:00,pos,GB,0
T001025,U0410,D0091,C0288,IP0034,M0020,49.82,2026-02-07T05:38:00,web,GB,0
T001026,U0193,D0161,C0621,IP0085,M0074,96.34,2026-02-11T21:19:00,mobile,IN,0
T001027,U0305,D0030,C0033,IP0158,M0041,105.42,2026-02-02T15:29:00,mobile,CA,0
T001028,U0045,D0073,C0463,IP0087,M0050,131.71,2026-02-08T22:25:00,mobile,IN,1
T001029,U0269,D0078,C0384,IP0090,M0015,262.21,2026-01-17T09:16:00,web,RU,0
T001030,U0104,D0024,C0026,IP0228,M0065,127.26,2026-01-02T05:00:00,mobile,NG,0
T001031,U0079,D0049,C0537,IP0175,M0062,302.24,2026-02-20T10:23:00,mobile,RU,1
T001032,U0168,D0037,C0136,IP0051,M0067,228.69,2026-01-09T06:04:00,web,BR,0
T001033,U0019,D0118,C0119,IP0199,M0067,58.22,2026-01-09T17:19:00,web,GB,0
T001034,U0478,D0012,C0479,IP0045,M0043,130.45,2026-02-11T03:35:00,web,US,1
T001035,U0267,D0169,C0592,IP0160,M0003,569.32,2026-01-23T01:19:00,mobile,BR,1
T001036,U0457,D0054,C0198,IP0165,M0026,56.96,2026-02-02T16:46:00,mobile,GB,0
T001037,U0273,D0082,C0121,IP0226,M0086,1997.59,2026-02-17T01:32:00,mobile,IN,0
T001038,U0081,D0071,C0638,IP0059,M0002,58.74,2026-01-25T19:47:00,pos,NG,1
T001039,U0053,D0053,C0327,IP0180,M0071,64.6,2026-01-27T04:27:00,mobile,IN,0
T001040,U0483,D0073,C0073,IP0126,M0022,73.94,2026-01-17T23:29:00,mobile,NG,0
T001041,U0457,D0087,C0134,IP0228,M0007,180.73,2026-01-31T22:26:00,web,CA,0
T001042,U0463,D0173,C0393,IP0026,M0014,164.52,2026-01-15T04:13:00,web,US,0
T001043,U0219,D0101,C0607,IP0092,M0077,391.41,2026-01-16T18:54:00,pos,RU,0
T001044,U0354,D0180,C0365,IP0229,M0079,257.35,2026-01-14T04:38:00,mobile,GB,0
T001045,U0419,D0051,C0582,IP0041,M0060,185.0,2026-02-23T05:58:00,web,US,0
T001046,U0417,D0179,C0467,IP0240,M0013,49.09,2026-02-10T13:18:00,mobile,BR,1
T001047,U0330,D0120,C0230,IP0241,M0030,18.43,2026-02-10T03:40:00,web,RU,0
T001048,U0459,D0158,C0402,IP0133,M0047,469.51,2026-01-29T00:32:00,web,BR,0
T001049,U0470,D0171,C0465,IP0170,M0042,87.41,2026-01-13T09:49:00,mobile,US,1
T001050,U0034,D0122,C0491,IP0058,M0045,75.42,2026-01-01T02:46:00,mobile,RU,0
T001051,U0088,D0073,C0589,IP0179,M0078,250.19,2026-02-22T17:33:00,web,NG,0
T001052,U0053,D0104,C0570,IP0055,M0042,42.29,2026-01-28T19:37:00,pos,US,0
T001053,U0406,D0078,C0605,IP0237,M0052,88.31,2026-02-20T13:42:00,mobile,IN,0
T001054,U0318,D0063,C0394,IP0082,M0062,324.7,2026-02-09T19:10:00,web,GB,0
T001055,U0107,D0178,C0581,IP0221,M0056,142.46,2026-02-22T07:15:00,mobile,NG,1
T001056,U0356,D0061,C0080,IP0089,M0085,89.58,2026-01-09T00:14:00,pos,BR,0
T001057,U0294,D0125,C0611,IP0059,M0076,383.27,2026-01-06T19:23:00,mobile,GB,0
T001058,U0285,D0025,C0316,IP0228,M0023,578.45,2026-02-18T18:35:00,mobile,US,0
T001059,U0307,D0028,C0507,IP0195,M0042,416.54,2026-01-18T00:16:00,pos,BR,0
T001060,U0032,D0024,C0595,IP0112,M0018,94.08,2026-01-24T04:22:00,pos,RU,0
T001061,U0001,D0038,C0545,IP0077,M0058,153.74,2026-01-30T08:32:00,mobile,CA,0
T001062,U0316,D0148,C0211,IP0229,M0026,101.71,2026-01-14T01:41:00,pos,GB,0
T001063,U0154,D0146,C0353,IP0156,M0056,161.07,2026-02-14T20:00:00,web,NG,0
T001064,U0005,D0157,C0302,IP0207,M0017,102.56,2026-02-19T17:15:00,web,GB,0
T001065,U0462,D0141,C0574,IP0028,M0001,163.37,2026-02-06T09:07:00,mobile,US,0
T001066,U0441,D0073,C0443,IP0016,M0031,110.61,2026-01-30T19:48:00,pos,NG,1
T001067,U0202,D0161,C0416,IP0163,M0049,54.01,2026-02-25T15:21:00,mobile,CA,0
T001068,U0280,D0170,C0487,IP0238,M0056,133.16,2026-01-12T03:20:00,web,IN,1
T001069,U0285,D0099,C0158,IP0185,M0054,122.77,2026-02-21T09:23:00,mobile,RU,0
T001070,U0344,D0033,C0074,IP0069,M0002,248.17,2026-01-18T17:16:00,pos,US,0
T001071,U0074,D0125,C0087,IP0224,M0018,21.85,2026-01-13T02:27:00,web,BR,1
T001072,U0413,D0107,C0436,IP0234,M0078,166.51,2026-03-01T08:16:00,pos,IN,0
T001073,U0233,D0131,C0461,IP0218,M0071,43.54,2026-03-01T10:02:00,mobile,GB,0
T001074,U0116,D0048,C0008,IP0218,M0078,181.59,2026-01-17T10:20:00,pos,CA,0
T001075,U0434,D0061,C0421,IP0257,M0035,33.06,2026-02-04T09:03:00,pos,NG,1
T001076,U0188,D0009,C0495,IP0020,M0073,167.96,2026-01-09T16:46:00,pos,GB,1
T001077,U0058,D0149,C0082,IP0247,M0089,128.53,2026-02-11T05:27:00,web,BR,1
T001078,U0375,D0135,C0530,IP0144,M0060,58.8,2026-01-30T14:37:00,web,NG,0
T001079,U0456,D0157,C0484,IP0046,M0032,11.71,2026-01-14T02:18:00,pos,BR,0
T001080,U0340,D0172,C0649,IP0040,M0088,30.93,2026-01-05T07:26:00,pos,RU,0
T001081,U0297,D0080,C0548,IP0028,M0044,167.51,2026-02-13T04:38:00,web,CA,0
T001082,U0233,D0132,C0340,IP0241,M0074,96.44,2026-01-05T20:10:00,mobile,GB,0
T001083,U0492,D0076,C0037,IP0149,M0022,24.66,2026-01-08T22:04:00,pos,NG,0
T001084,U0384,D0078,C0645,IP0134,M0008,469.93,2026-01-11T19:42:00,mobile,NG,0
T001085,U0087,D0147,C0299,IP0027,M0085,32.45,2026-01-04T22:48:00,pos,NG,0
T001086,U0014,D0074,C0130,IP0249,M0011,63.35,2026-01-30T17:13:00,pos,US,0
T001087,U0436,D0072,C0631,IP0130,M0017,167.85,2026-02-03T00:17:00,mobile,GB,0
T001088,U0440,D0066,C0619,IP0008,M0015,123.04,2026-01-03T13:55:00,web,NG,1
T001089,U0379,D0039,C0180,IP0229,M0048,29.32,2026-02-23T16:40:00,mobile,RU,0
T001090,U0359,D0061,C0541,IP0249,M0024,258.59,2026-01-14T07:14:00,web,GB,0
T001091,U0044,D0038,C0423,IP0079,M0064,180.64,2026-02-11T20:42:00,mobile,IN,0
T001092,U0339,D0113,C0592,IP0086,M0027,130.07,2026-02-09T18:36:00,pos,RU,0
T001093,U0177,D0014,C0054,IP0136,M0015,89.63,2026-02-18T17:13:00,web,CA,0
T001094,U0205,D0122,C0546,IP0155,M0061,418.66,2026-01-08T10:35:00,web,CA,0
T001095,U0350,D0100,C0149,IP0243,M0034,16.95,2026-01-31T23:42:00,pos,RU,0
T001096,U0223,D0004,C0392,IP0148,M0058,1317.99,2026-02-15T05:02:00,pos,GB,0
T001097,U0493,D0136,C0545,IP0022,M0013,124.71,2026-01-05T23:29:00,pos,GB,0
T001098,U0490,D0111,C0277,IP0140,M0043,64.78,2026-02-13T01:13:00,mobile,RU,0
T001099,U0051,D0066,C0248,IP0201,M0060,464.17,2026-01-12T02:11:00,pos,BR,0
T001100,U0302,D0050,C0185,IP0173,M0087,54.37,2026-01-18T13:58:00,mobile,NG,0
T001101,U0006,D0173,C0013,IP0005,M0009,65.49,2026-01-27T22:38:00,mobile,US,0
T001102,U0269,D0027,C0225,IP0229,M0045,153.64,2026-02-05T04:02:00,pos,GB,0
T001103,U0129,D0050,C0635,IP0018,M0004,163.38,2026-02-16T03:43:00,web,US,0
T001104,U0481,D0153,C0125,IP0112,M0077,263.81,2026-01-24T13:42:00,pos,US,0
T001105,U0045,D0155,C0580,IP0067,M0049,30.95,2026-01-04T12:10:00,web,US,0
T001106,U0357,D0048,C0479,IP0130,M0038,188.66,2026-01-10T08:59:00,pos,US,0
T001107,U0328,D0117,C0332,IP0142,M0055,161.33,2026-02-22T19:55:00,mobile,IN,0
T001108,U0400,D0019,C0392,IP0142,M0008,221.83,2026-02-25T09:26:00,mobile,GB,1
T001109,U0031,D0067,C0452,IP0136,M0023,95.04,2026-02-04T11:43:00,web,CA,0
T001110,U0476,D0052,C0504,IP0202,M0023,297.44,2026-02-20T03:43:00,web,IN,0
T001111,U0277,D0111,C0109,IP0112,M0079,89.34,2026-01-27T09:25:00,mobile,BR,0
T001112,U0133,D0027,C0073,IP0018,M0010,390.06,2026-01-18T16:51:00,pos,BR,0
T001113,U0129,D0115,C0153,IP0010,M0064,241.52,2026-01-04T00:14:00,pos,BR,0
T001114,U0001,D0010,C0156,IP0200,M0035,549.34,2026-02-13T16:08:00,pos,GB,0
T001115,U0464,D0101,C0503,IP0002,M0066,122.14,2026-01-21T09:01:00,mobile,CA,0
T001116,U0207,D0018,C0394,IP0116,M0001,25.98,2026-02-16T01:42:00,pos,RU,0
T001117,U0400,D0124,C0549,IP0063,M0073,63.83,2026-02-02T21:52:00,mobile,GB,0
T001118,U0350,D0078,C0648,IP0206,M0008,35.72,2026-02-17T21:25:00,pos,US,0
T001119,U0188,D0137,C0471,IP0175,M0011,220.29,2026-02-03T14:42:00,mobile,BR,0
T001120,U0104,D0046,C0196,IP0021,M0050,119.39,2026-02-17T21:44:00,mobile,BR,0
T001121,U0200,D0028,C0087,IP0184,M0063,133.24,2026-01-21T15:07:00,pos,CA,0
T001122,U0377,D0049,C0198,IP0072,M0005,46.4,2026-01-02T05:19:00,web,BR,0
T001123,U0304,D0062,C0065,IP0251,M0050,68.98,2026-02-17T18:06:00,pos,BR,0
T001124,U0158,D0128,C0038,IP0231,M0003,110.03,2026-01-03T00:12:00,mobile,US,0
T001125,U0173,D0015,C0217,IP0170,M0070,176.93,2026-03-01T03:19:00,pos,BR,1
T001126,U0268,D0118,C0239,IP0077,M0075,248.01,2026-01-15T23:58:00,web,US,1
T001127,U0377,D0037,C0020,IP0251,M0084,155.23,2026-01-03T05:07:00,mobile,NG,0
T001128,U0024,D0063,C0177,IP0067,M0002,145.68,2026-01-05T06:21:00,pos,US,0
T001129,U0464,D0079,C0626,IP0050,M0059,112.76,2026-01-10T19:47:00,web,RU,1
T001130,U0303,D0017,C0510,IP0055,M0015,103.82,2026-02-08T07:48:00,pos,RU,0
T001131,U0316,D0057,C0437,IP0033,M0026,36.02,2026-01-13T00:30:00,mobile,RU,0
T001132,U0428,D0174,C0124,IP0206,M0042,81.81,2026-02-12T09:50:00,pos,NG,0
T001133,U0280,D0036,C0047,IP0165,M0028,131.35,2026-02-10T18:21:00,pos,IN,1
T001134,U0172,D0017,C0145,IP0062,M0036,53.61,2026-02-23T22:17:00,mobile,IN,0
T001135,U0357,D0095,C0250,IP0085,M0057,258.43,2026-02-09T03:10:00,pos,US,1
T001136,U0069,D0026,C0017,IP0193,M0021,37.15,2026-01-07T05:57:00,mobile,US,0
T001137,U0004,D0002,C0608,IP0092,M0012,210.68,2026-02-06T10:16:00,mobile,CA,0
T001138,U0356,D0122,C0147,IP0065,M0027,213.78,2026-02-20T03:40:00,pos,GB,0
T001139,U0268,D0116,C0179,IP0211,M0031,773.1,2026-02-10T22:30:00,pos,BR,0
T001140,U0020,D0153,C0627,IP0093,M0064,435.49,2026-01-13T07:16:00,web,BR,0
T001141,U0424,D0078,C0005,IP0179,M0054,212.46,2026-02-10T20:03:00,pos,IN,0
T001142,U0099,D0031,C0371,IP0049,M0080,54.13,2026-01-04T16:44:00,pos,NG,0
T001143,U0113,D0119,C0055,IP0107,M0036,322.03,2026-02-03T14:16:00,web,US,0
T001144,U0408,D0039,C0181,IP0243,M0064,252.81,2026-02-04T01:16:00,web,BR,0
T001145,U0473,D0012,C0373,IP0028,M0083,256.43,2026-01-19T10:38:00,mobile,IN,0
T001146,U0223,D0065,C0465,IP0172,M0079,98.12,2026-01-01T20:17:00,web,US,0
T001147,U0380,D0014,C0030,IP0091,M0021,56.46,2026-02-27T19:30:00,mobile,NG,0
T001148,U0060,D0019,C0607,IP0121,M0057,66.08,2026-02-03T09:35:00,pos,GB,0
T001149,U0215,D0051,C0113,IP0167,M0030,44.29,2026-02-03T11:28:00,mobile,IN,0
T001150,U0051,D0061,C0385,IP0212,M0026,98.39,2026-01-11T07:29:00,web,US,0
T001151,U0242,D0150,C0447,IP0249,M0007,502.72,2026-01-09T01:59:00,web,IN,0
T001152,U0476,D0157,C0397,IP0233,M0023,108.18,2026-01-29T13:50:00,mobile,IN,0
T001153,U0235,D0050,C0208,IP0184,M0035,520.36,2026-02-06T04:05:00,mobile,IN,0
T001154,U0017,D0178,C0140,IP0031,M0036,69.43,2026-02-18T00:17:00,web,RU,0
T001155,U0239,D0118,C0352,IP0215,M0022,348.08,2026-02-20T13:30:00,web,GB,0
T001156,U0310,D0170,C0627,IP0194,M0069,31.64,2026-01-02T19:53:00,web,NG,1
T001157,U0497,D0142,C0422,IP0118,M0012,38.95,2026-02-25T17:29:00,pos,CA,0
T001158,U0442,D0056,C0286,IP0243,M0060,351.26,2026-02-11T03:38:00,web,BR,0
T001159,U0220,D0064,C0445,IP0127,M0042,57.62,2026-02-12T02:11:00,pos,IN,1
T001160,U0457,D0152,C0006,IP0077,M0074,170.14,2026-02-21T17:58:00,mobile,US,0
T001161,U0021,D0121,C0436,IP0259,M0005,405.25,2026-02-28T01:09:00,pos,CA,0
T001162,U0246,D0179,C0508,IP0051,M0058,118.04,2026-01-01T10:34:00,web,US,1
T001163,U0286,D0004,C0136,IP0209,M0028,84.13,2026-03-01T20:17:00,mobile,GB,0
T001164,U0123,D0166,C0492,IP0047,M0003,276.42,2026-01-13T23:36:00,pos,GB,0
T001165,U0083,D0118,C0475,IP0013,M0059,435.95,2026-02-01T01:45:00,web,RU,0
T001166,U0361,D0104,C0642,IP0095,M0048,15.79,2026-02-18T13:47:00,mobile,BR,0
T001167,U0325,D0001,C0341,IP0037,M0050,16.62,2026-01-16T00:28:00,pos,US,1
T001168,U0152,D0110,C0556,IP0139,M0079,93.94,2026-02-12T19:57:00,pos,RU,0
T001169,U0107,D0176,C0344,IP0042,M0080,373.21,2026-02-16T07:57:00,pos,US,0
T001170,U0264,D0173,C0114,IP0187,M0007,211.43,2026-02-26T09:34:00,mobile,GB,0
T001171,U0239,D0159,C0376,IP0021,M0047,127.87,2026-01-27T16:01:00,web,BR,0
T001172,U0287,D0018,C0343,IP0105,M0018,677.97,2026-02-07T04:20:00,web,NG,0
T001173,U0059,D0167,C0215,IP0245,M0075,209.04,2026-01-03T11:32:00,pos,RU,1
T001174,U0116,D0083,C0516,IP0181,M0035,184.71,2026-02-07T02:41:00,pos,CA,0
T001175,U0142,D0014,C0354,IP0033,M0048,62.28,2026-01-14T19:57:00,mobile,CA,0
T001176,U0257,D0135,C0545,IP0063,M0061,46.48,2026-02-25T05:19:00,pos,RU,0
T001177,U0273,D0075,C0377,IP0232,M0080,221.31,2026-01-16T12:29:00,pos,BR,0
T001178,U0415,D0017,C0090,IP0097,M0059,230.62,2026-01-02T02:15:00,web,CA,1
T001179,U0460,D0046,C0112,IP0148,M0010,39.6,2026-01-06T00:47:00,web,GB,0
T001180,U0058,D0179,C0155,IP0076,M0064,151.73,2026-01-15T01:23:00,web,NG,0
T001181,U0488,D0161,C0427,IP0012,M0038,64.89,2026-03-01T23:43:00,pos,NG,1
T001182,U0478,D0034,C0431,IP0243,M0045,196.84,2026-01-05T02:25:00,mobile,BR,0
T001183,U0331,D0015,C0065,IP0197,M0089,21.38,2026-02-07T15:00:00,web,RU,1
T001184,U0411,D0060,C0593,IP0172,M0053,162.68,2026-02-14T12:02:00,mobile,BR,0
T001185,U0331,D0119,C0543,IP0170,M0073,289.39,2026-02-16T19:57:00,pos,CA,1
T001186,U0235,D0078,C0176,IP0068,M0040,171.17,2026-02-05T07:49:00,mobile,IN,0
T001187,U0248,D0096,C0152,IP0148,M0007,34.08,2026-02-26T09:59:00,mobile,GB,0
T001188,U0234,D0043,C0293,IP0083,M0069,180.14,2026-02-05T10:22:00,web,IN,1
T001189,U0430,D0178,C0244,IP0079,M0021,95.63,2026-02-16T14:05:00,web,US,0
T001190,U0163,D0148,C0267,IP0065,M0057,9.59,2026-01-20T04:57:00,mobile,IN,0
T001191,U0106,D0144,C0325,IP0018,M0086,80.61,2026-02-19T10:41:00,mobile,IN,0
T001192,U0191,D0115,C0309,IP0084,M0069,106.66,2026-02-13T05:00:00,web,US,0
T001193,U0208,D0128,C0328,IP0075,M0059,25.18,2026-02-02T19:46:00,web,US,0
T001194,U0497,D0140,C0303,IP0170,M0083,190.77,2026-01-27T08:18:00,mobile,GB,0
T001195,U0497,D0147,C0453,IP0076,M0073,650.39,2026-01-31T13:34:00,mobile,BR,0
T001196,U0058,D0123,C0565,IP0021,M0018,59.01,2026-01-02T03:58:00,web,GB,0
T001197,U0013,D0103,C0366,IP0113,M0058,121.54,2026-02-15T09:02:00,web,GB,1
T001198,U0029,D0156,C0540,IP0100,M0075,11.27,2026-01-10T19:20:00,web,RU,0
T001199,U0480,D0072,C0086,IP0101,M0003,126.91,2026-02-26T07:24:00,pos,RU,0
T001200,U0229,D0174,C0404,IP0045,M0066,224.31,2026-01-01T20:07:00,web,CA,0
T001201,U0163,D0155,C0370,IP0029,M0086,2499.34,2026-01-22T06:05:00,mobile,IN,0
T001202,U0367,D0073,C0382,IP0197,M0026,47.79,2026-02-05T12:46:00,web,GB,1
T001203,U0177,D0090,C0575,IP0158,M0058,194.81,2026-02-18T00:55:00,web,IN,0
T001204,U0373,D0114,C0296,IP0213,M0057,36.9,2026-02-19T21:09:00,web,RU,0
T001205,U0373,D0109,C0602,IP0213,M0018,216.44,2026-01-21T19:04:00,pos,US,0
T001206,U0074,D0054,C0538,IP0156,M0061,125.09,2026-01-19T02:34:00,mobile,US,0
T001207,U0478,D0152,C0007,IP0193,M0012,373.08,2026-02-11T01:34:00,mobile,BR,0
T001208,U0469,D0070,C0570,IP0213,M0023,173.9,2026-01-23T21:08:00,mobile,BR,0
T001209,U0291,D0036,C0391,IP0103,M0024,182.57,2026-02-23T22:34:00,mobile,NG,0
T001210,U0252,D0011,C0312,IP0155,M0075,132.81,2026-02-09T15:03:00,mobile,NG,0
T001211,U0379,D0119,C0003,IP0115,M0004,57.36,2026-02-13T19:18:00,web,GB,0
T001212,U0154,D0164,C0295,IP0242,M0016,858.08,2026-01-26T06:06:00,mobile,IN,1
T001213,U0252,D0177,C0123,IP0126,M0004,83.96,2026-01-22T16:10:00,mobile,CA,0
T001214,U0497,D0018,C0493,IP0186,M0075,190.24,2026-02-09T12:16:00,pos,CA,0
T001215,U0445,D0067,C0123,IP0244,M0089,253.7,2026-02-26T05:29:00,mobile,NG,0
T001216,U0376,D0148,C0167,IP0009,M0034,714.45,2026-01-30T17:44:00,pos,US,0
T001217,U0075,D0082,C0139,IP0237,M0089,26.74,2026-02-23T01:14:00,mobile,IN,1
T001218,U0028,D0070,C0365,IP0185,M0054,849.6,2026-02-08T03:43:00,web,GB,0
T001219,U0150,D0136,C0199,IP0040,M0066,60.82,2026-02-15T21:45:00,pos,IN,0
T001220,U0392,D0025,C0331,IP0086,M0070,23.83,2026-01-18T07:16:00,mobile,RU,1
T001221,U0433,D0176,C0372,IP0155,M0035,437.44,2026-03-01T18:45:00,web,NG,0
T001222,U0297,D0091,C0141,IP0074,M0002,156.07,2026-01-29T17:38:00,pos,GB,0
T001223,U0191,D0125,C0167,IP0211,M0044,44.08,2026-02-17T05:38:00,web,IN,0
T001224,U0080,D0129,C0573,IP0114,M0025,61.22,2026-01-28T14:58:00,pos,BR,0
T001225,U0426,D0135,C0472,IP0059,M0054,432.7,2026-02-15T02:40:00,web,US,0
T001226,U0420,D0034,C0357,IP0009,M0062,22.25,2026-02-05T08:08:00,mobile,BR,0
T001227,U0186,D0036,C0536,IP0227,M0077,256.32,2026-02-21T21:13:00,mobile,IN,0
T001228,U0364,D0078,C0228,IP0015,M0016,418.22,2026-01-18T21:54:00,web,RU,0
T001229,U0356,D0037,C0129,IP0117,M0040,472.57,2026-01-25T15:21:00,web,IN,0
T001230,U0041,D0109,C0020,IP0058,M0010,60.6,2026-02-14T00:00:00,mobile,RU,0
T001231,U0221,D0011,C0034,IP0101,M0014,30.25,2026-02-06T16:27:00,pos,NG,0
T001232,U0304,D0016,C0260,IP0241,M0016,23.21,2026-02-09T05:43:00,web,US,0
T001233,U0155,D0171,C0127,IP0006,M0013,145.57,2026-01-07T00:06:00,pos,IN,1
T001234,U0301,D0052,C0360,IP0095,M0086,275.36,2026-01-22T23:11:00,web,US,0
T001235,U0075,D0072,C0165,IP0179,M0046,169.55,2026-02-12T07:17:00,pos,RU,0
T001236,U0374,D0157,C0584,IP0124,M0065,134.47,2026-02-28T19:13:00,web,US,0
T001237,U0420,D0149,C0223,IP0008,M0068,123.88,2026-01-29T09:35:00,pos,IN,0
T001238,U0494,D0073,C0005,IP0088,M0069,94.93,2026-02-10T13:04:00,pos,US,1
T001239,U0474,D0055,C0376,IP0259,M0061,219.17,2026-02-08T20:10:00,pos,NG,0
T001240,U0095,D0113,C0364,IP0055,M0024,68.32,2026-03-01T09:48:00,mobile,CA,0
T001241,U0110,D0132,C0116,IP0117,M0053,115.19,2026-01-13T17:04:00,mobile,US,0
T001242,U0239,D0029,C0370,IP0070,M0064,208.2,2026-01-03T05:30:00,pos,GB,0
T001243,U0286,D0011,C0506,IP0043,M0042,1375.63,2026-01-27T05:19:00,web,CA,0
T001244,U0146,D0117,C0455,IP0160,M0088,724.6,2026-02-20T22:04:00,web,NG,1
T001245,U0209,D0075,C0072,IP0220,M0025,202.88,2026-02-09T18:17:00,mobile,BR,0
T001246,U0189,D0046,C0504,IP0007,M0087,179.34,2026-02-17T10:27:00,pos,US,0
T001247,U0203,D0113,C0147,IP0044,M0016,186.99,2026-01-05T08:29:00,mobile,CA,0
T001248,U0356,D0152,C0067,IP0053,M0022,661.01,2026-02-08T15:00:00,mobile,IN,0
T001249,U0174,D0052,C0239,IP0207,M0016,88.21,2026-01-08T22:42:00,mobile,BR,0
T001250,U0256,D0072,C0410,IP0140,M0083,46.07,2026-02-28T16:22:00,mobile,CA,0
T001251,U0342,D0155,C0524,IP0208,M0063,75.3,2026-02-08T14:41:00,mobile,IN,0
T001252,U0394,D0117,C0257,IP0056,M0016,27.44,2026-03-01T04:41:00,mobile,CA,0
T001253,U0119,D0161,C0102,IP0069,M0004,269.6,2026-01-07T07:56:00,pos,US,0
T001254,U0426,D0018,C0028,IP0256,M0087,44.34,2026-02-28T09:29:00,web,CA,0
T001255,U0310,D0119,C0637,IP0087,M0037,102.58,2026-01-29T13:40:00,pos,US,1
T001256,U0390,D0020,C0207,IP0253,M0060,315.65,2026-02-02T23:01:00,mobile,BR,0
T001257,U0255,D0126,C0556,IP0259,M0034,91.02,2026-01-31T09:19:00,mobile,RU,1
T001258,U0441,D0139,C0441,IP0010,M0005,105.86,2026-01-07T13:21:00,web,CA,0
T001259,U0231,D0081,C0471,IP0193,M0057,37.07,2026-02-02T00:18:00,web,US,1
T001260,U0091,D0143,C0504,IP0156,M0022,508.51,2026-01-17T06:38:00,mobile,IN,0
T001261,U0160,D0100,C0583,IP0250,M0015,730.87,2026-02-02T19:54:00,pos,CA,0
T001262,U0338,D0142,C0576,IP0241,M0061,48.69,2026-01-13T00:57:00,web,NG,0
T001263,U0029,D0101,C0606,IP0135,M0064,242.39,2026-01-12T12:48:00,mobile,NG,0
T001264,U0347,D0091,C0063,IP0146,M0042,46.21,2026-01-13T21:42:00,web,NG,1
T001265,U0024,D0033,C0598,IP0188,M0045,8.22,2026-02-17T11:48:00,web,RU,1
T001266,U0457,D0161,C0100,IP0175,M0049,328.64,2026-02-22T04:56:00,mobile,GB,0
T001267,U0183,D0106,C0251,IP0180,M0008,173.88,2026-01-25T11:08:00,web,IN,0
T001268,U0332,D0080,C0068,IP0044,M0089,192.94,2026-01-28T06:52:00,mobile,US,0
T001269,U0173,D0044,C0334,IP0011,M0069,89.41,2026-02-11T02:36:00,web,CA,1
T001270,U0337,D0109,C0021,IP0216,M0035,96.79,2026-01-10T10:49:00,pos,CA,1
T001271,U0302,D0006,C0585,IP0163,M0049,5.62,2026-01-25T12:46:00,mobile,GB,0
T001272,U0294,D0026,C0211,IP0251,M0013,49.49,2026-01-08T22:38:00,mobile,CA,0
T001273,U0258,D0171,C0630,IP0174,M0022,627.76,2026-02-16T10:59:00,mobile,GB,0
T001274,U0497,D0112,C0078,IP0104,M0064,188.23,2026-03-01T19:32:00,pos,IN,0
T001275,U0148,D0068,C0588,IP0025,M0039,49.5,2026-02-13T18:37:00,mobile,RU,0
T001276,U0116,D0160,C0098,IP0048,M0075,85.36,2026-01-15T16:10:00,pos,GB,0
T001277,U0140,D0018,C0215,IP0244,M0055,440.57,2026-01-15T05:41:00,mobile,RU,0
T001278,U0040,D0167,C0308,IP0155,M0065,545.44,2026-02-01T11:52:00,mobile,BR,0
T001279,U0277,D0119,C0412,IP0087,M0026,283.87,2026-02-18T19:10:00,mobile,NG,1
T001280,U0264,D0117,C0643,IP0093,M0003,259.08,2026-01-06T04:29:00,pos,NG,0
T001281,U0442,D0048,C0479,IP0256,M0028,169.07,2026-01-04T20:01:00,mobile,BR,0
T001282,U0273,D0158,C0642,IP0223,M0073,126.99,2026-01-12T15:03:00,web,NG,0
T001283,U0103,D0094,C0247,IP0237,M0019,108.24,2026-02-14T18:29:00,web,BR,1
T001284,U0351,D0077,C0327,IP0223,M0053,38.85,2026-01-17T00:57:00,web,BR,0
T001285,U0105,D0106,C0165,IP0137,M0037,889.79,2026-02-16T10:36:00,mobile,BR,0
T001286,U0308,D0061,C0117,IP0208,M0031,638.36,2026-01-25T14:26:00,web,IN,0
T001287,U0015,D0063,C0498,IP0159,M0060,1865.51,2026-02-15T08:31:00,pos,CA,0
T001288,U0217,D0166,C0164,IP0019,M0026,283.19,2026-02-10T21:47:00,mobile,IN,0
T001289,U0015,D0067,C0564,IP0143,M0085,70.82,2026-02-03T01:56:00,web,BR,0
T001290,U0437,D0011,C0057,IP0249,M0003,20.91,2026-01-05T07:05:00,web,GB,0
T001291,U0309,D0077,C0373,IP0033,M0053,37.42,2026-01-15T21:42:00,pos,BR,0
T001292,U0454,D0024,C0242,IP0204,M0018,42.78,2026-02-01T18:54:00,web,NG,0
T001293,U0377,D0129,C0595,IP0062,M0067,555.31,2026-01-25T07:32:00,pos,GB,0
T001294,U0255,D0024,C0126,IP0122,M0077,116.48,2026-01-04T21:54:00,mobile,GB,0
T001295,U0427,D0150,C0434,IP0200,M0031,56.54,2026-02-10T14:05:00,web,IN,0
T001296,U0055,D0170,C0451,IP0087,M0037,186.2,2026-01-17T08:23:00,mobile,GB,1
T001297,U0442,D0151,C0547,IP0029,M0063,111.74,2026-01-02T00:10:00,mobile,BR,1
T001298,U0486,D0029,C0434,IP0163,M0070,47.23,2026-01-27T19:04:00,mobile,BR,0
T001299,U0127,D0072,C0487,IP0075,M0047,214.21,2026-02-03T01:51:00,pos,GB,0
T001300,U0421,D0079,C0621,IP0011,M0083,447.79,2026-01-19T12:24:00,web,RU,0
T001301,U0379,D0170,C0246,IP0028,M0089,55.31,2026-02-12T16:14:00,mobile,NG,0
T001302,U0197,D0080,C0125,IP0186,M0088,212.35,2026-02-14T23:25:00,pos,RU,0
T001303,U0122,D0114,C0403,IP0199,M0002,455.28,2026-01-31T03:04:00,mobile,GB,0
T001304,U0047,D0061,C0165,IP0153,M0027,40.63,2026-01-19T22:47:00,mobile,BR,0
T001305,U0163,D0165,C0281,IP0209,M0005,65.16,2026-01-10T11:09:00,web,RU,0
T001306,U0400,D0126,C0341,IP0242,M0053,33.68,2026-01-13T12:34:00,pos,CA,0
T001307,U0449,D0026,C0519,IP0083,M0034,67.16,2026-01-28T11:12:00,web,GB,0
T001308,U0216,D0155,C0029,IP0168,M0059,57.79,2026-01-27T04:11:00,web,BR,0
T001309,U0329,D0048,C0140,IP0228,M0083,248.69,2026-01-02T17:26:00,web,CA,0
T001310,U0103,D0161,C0590,IP0157,M0041,268.5,2026-01-01T22:55:00,web,US,0
T001311,U0081,D0064,C0421,IP0067,M0077,158.91,2026-01-29T09:26:00,mobile,CA,0
T001312,U0245,D0035,C0608,IP0134,M0023,85.75,2026-02-09T21:27:00,mobile,RU,0
T001313,U0145,D0051,C0377,IP0044,M0054,186.13,2026-02-17T00:21:00,web,CA,0
T001314,U0449,D0097,C0024,IP0115,M0003,67.79,2026-02-24T12:55:00,pos,BR,0
T001315,U0314,D0161,C0474,IP0118,M0012,84.94,2026-02-23T03:22:00,web,GB,1
T001316,U0360,D0044,C0633,IP0026,M0052,49.08,2026-01-05T10:07:00,mobile,NG,0
T001317,U0134,D0039,C0175,IP0046,M0048,155.57,2026-02-11T10:44:00,pos,US,0
T001318,U0008,D0135,C0507,IP0223,M0059,168.15,2026-01-26T17:52:00,web,IN,0
T001319,U0366,D0053,C0295,IP0098,M0035,90.76,2026-01-03T02:03:00,pos,CA,0
T001320,U0196,D0034,C0615,IP0221,M0027,121.06,2026-01-13T02:25:00,web,RU,0
T001321,U0145,D0174,C0185,IP0097,M0054,274.04,2026-02-11T05:47:00,mobile,RU,0
T001322,U0075,D0008,C0242,IP0149,M0034,109.42,2026-02-07T19:32:00,pos,CA,0
T001323,U0465,D0064,C0470,IP0190,M0075,156.41,2026-02-21T13:42:00,web,US,0
T001324,U0241,D0035,C0408,IP0166,M0089,21.15,2026-02-09T17:35:00,pos,IN,0
T001325,U0366,D0099,C0263,IP0217,M0077,201.39,2026-02-01T18:57:00,web,US,0
T001326,U0286,D0016,C0241,IP0027,M0043,143.77,2026-01-15T16:07:00,mobile,GB,0
T001327,U0311,D0172,C0260,IP0024,M0001,70.36,2026-01-20T06:57:00,pos,NG,1
T001328,U0196,D0078,C0380,IP0203,M0086,605.69,2026-01-24T06:00:00,web,NG,1
T001329,U0022,D0149,C0174,IP0092,M0034,45.19,2026-01-08T15:48:00,pos,CA,0
T001330,U0477,D0087,C0092,IP0240,M0017,148.41,2026-02-20T17:27:00,mobile,BR,0
T001331,U0272,D0073,C0120,IP0087,M0037,95.87,2026-02-10T17:47:00,mobile,US,1
T001332,U0066,D0128,C0441,IP0144,M0047,113.13,2026-02-11T12:28:00,mobile,GB,0
T001333,U0314,D0068,C0169,IP0161,M0056,414.59,2026-02-07T22:54:00,mobile,BR,0
T001334,U0252,D0039,C0194,IP0226,M0007,25.62,2026-01-18T07:25:00,web,US,0
T001335,U0118,D0170,C0267,IP0012,M0080,216.86,2026-01-28T07:43:00,web,BR,1
T001336,U0240,D0073,C0042,IP0012,M0080,380.42,2026-01-14T00:03:00,mobile,GB,1
T001337,U0364,D0144,C0505,IP0249,M0059,283.21,2026-02-05T04:23:00,web,RU,0
T001338,U0369,D0038,C0096,IP0064,M0045,182.85,2026-02-25T05:22:00,web,RU,0
T001339,U0146,D0047,C0280,IP0087,M0066,321.82,2026-01-12T09:40:00,pos,BR,0
T001340,U0300,D0055,C0585,IP0003,M0068,66.38,2026-01-21T11:32:00,web,CA,0
T001341,U0472,D0020,C0097,IP0127,M0064,129.95,2026-02-09T17:15:00,mobile,US,0
T001342,U0146,D0175,C0383,IP0063,M0051,144.72,2026-02-17T06:05:00,pos,US,0
T001343,U0429,D0083,C0084,IP0079,M0004,104.87,2026-02-01T15:35:00,mobile,RU,0
T001344,U0363,D0169,C0644,IP0246,M0059,62.03,2026-01-12T06:31:00,mobile,NG,0
T001345,U0337,D0002,C0638,IP0169,M0006,259.32,2026-01-03T22:03:00,mobile,GB,0
T001346,U0486,D0146,C0050,IP0067,M0028,438.71,2026-02-05T17:03:00,pos,GB,0
T001347,U0166,D0015,C0617,IP0037,M0071,17.33,2026-02-22T16:06:00,mobile,US,0
T001348,U0205,D0066,C0409,IP0092,M0031,58.31,2026-02-28T20:07:00,web,US,0
T001349,U0437,D0054,C0413,IP0084,M0050,403.6,2026-01-14T09:02:00,mobile,BR,0
T001350,U0386,D0168,C0306,IP0079,M0016,26.15,2026-01-10T12:35:00,mobile,RU,1
T001351,U0222,D0080,C0099,IP0068,M0046,289.51,2026-01-02T04:39:00,mobile,NG,0
T001352,U0103,D0126,C0488,IP0229,M0050,124.53,2026-01-20T02:16:00,mobile,NG,1
T001353,U0308,D0109,C0378,IP0047,M0055,931.81,2026-02-25T02:52:00,pos,IN,0
T001354,U0223,D0162,C0042,IP0219,M0012,28.05,2026-02-04T22:19:00,pos,GB,0
T001355,U0499,D0119,C0159,IP0115,M0083,97.19,2026-02-16T02:02:00,mobile,NG,1
T001356,U0323,D0166,C0480,IP0043,M0038,202.02,2026-01-14T10:27:00,mobile,US,0
T001357,U0465,D0123,C0131,IP0154,M0020,49.43,2026-01-13T03:31:00,pos,GB,1
T001358,U0431,D0064,C0583,IP0219,M0038,37.06,2026-02-25T03:55:00,web,NG,0
T001359,U0040,D0012,C0436,IP0056,M0066,36.63,2026-01-20T02:15:00,mobile,US,0
T001360,U0238,D0170,C0261,IP0130,M0046,216.67,2026-01-14T09:54:00,pos,US,1
T001361,U0394,D0129,C0474,IP0009,M0015,70.72,2026-01-16T16:26:00,web,RU,1
T001362,U0094,D0101,C0427,IP0024,M0011,188.93,2026-02-16T00:16:00,pos,GB,0
T001363,U0161,D0151,C0461,IP0233,M0086,597.48,2026-02-18T19:47:00,pos,RU,0
T001364,U0136,D0088,C0190,IP0096,M0028,28.02,2026-01-25T04:05:00,web,BR,0
T001365,U0310,D0119,C0109,IP0194,M0069,111.02,2026-02-17T01:51:00,mobile,NG,1
T001366,U0010,D0002,C0014,IP0203,M0015,77.81,2026-01-30T04:51:00,web,BR,0
T001367,U0245,D0118,C0617,IP0208,M0085,124.68,2026-01-20T09:31:00,pos,CA,0
T001368,U0156,D0159,C0405,IP0185,M0089,266.42,2026-02-08T02:24:00,mobile,US,1
T001369,U0065,D0035,C0115,IP0008,M0025,110.52,2026-02-21T00:21:00,web,BR,0
T001370,U0497,D0049,C0493,IP0014,M0027,40.92,2026-02-21T02:21:00,pos,IN,0
T001371,U0333,D0062,C0552,IP0224,M0081,21.56,2026-02-03T16:52:00,web,US,0
T001372,U0155,D0119,C0433,IP0076,M0061,86.71,2026-02-23T01:42:00,web,US,0
T001373,U0086,D0040,C0483,IP0228,M0063,32.62,2026-01-10T01:29:00,web,RU,0
T001374,U0231,D0150,C0302,IP0125,M0026,167.82,2026-03-01T22:24:00,pos,RU,1
T001375,U0427,D0101,C0009,IP0027,M0043,240.72,2026-01-30T08:02:00,web,BR,0
T001376,U0434,D0111,C0593,IP0213,M0064,82.61,2026-02-03T12:19:00,pos,BR,0
T001377,U0284,D0075,C0410,IP0019,M0063,22.85,2026-01-31T11:50:00,mobile,NG,1
T001378,U0303,D0157,C0063,IP0250,M0030,72.12,2026-01-04T07:53:00,pos,US,0
T001379,U0217,D0179,C0066,IP0197,M0063,803.82,2026-01-03T11:57:00,mobile,BR,1
T001380,U0214,D0122,C0638,IP0060,M0064,282.65,2026-01-22T10:46:00,pos,GB,0
T001381,U0230,D0179,C0166,IP0224,M0003,112.46,2026-02-05T20:28:00,mobile,BR,0
T001382,U0099,D0121,C0238,IP0177,M0057,131.64,2026-03-01T01:24:00,pos,IN,0
T001383,U0301,D0176,C0480,IP0174,M0078,49.2,2026-01-25T20:33:00,web,GB,1
T001384,U0371,D0100,C0369,IP0214,M0087,74.58,2026-02-04T21:08:00,mobile,RU,0
T001385,U0498,D0042,C0089,IP0107,M0037,80.68,2026-02-14T22:26:00,pos,CA,0
T001386,U0067,D0045,C0621,IP0103,M0021,29.56,2026-02-26T05:47:00,mobile,US,0
T001387,U0407,D0107,C0241,IP0253,M0039,77.76,2026-01-01T21:29:00,web,NG,0
T001388,U0025,D0005,C0366,IP0184,M0034,374.94,2026-02-11T08:42:00,pos,IN,0
T001389,U0090,D0129,C0346,IP0017,M0009,147.79,2026-02-22T15:21:00,mobile,US,1
T001390,U0317,D0059,C0230,IP0062,M0072,184.84,2026-02-06T20:44:00,mobile,GB,0
T001391,U0175,D0091,C0274,IP0024,M0072,74.1,2026-01-21T22:31:00,web,RU,0
T001392,U0354,D0132,C0449,IP0054,M0007,69.14,2026-01-11T07:19:00,mobile,RU,0
T001393,U0387,D0029,C0625,IP0055,M0079,356.91,2026-02-18T18:39:00,web,RU,0
T001394,U0288,D0011,C0646,IP0054,M0022,49.76,2026-02-16T00:03:00,web,RU,0
T001395,U0106,D0093,C0453,IP0081,M0038,60.54,2026-02-17T19:51:00,pos,CA,0
T001396,U0376,D0026,C0373,IP0079,M0083,23.3,2026-02-03T03:40:00,mobile,RU,0
T001397,U0071,D0032,C0426,IP0104,M0057,164.36,2026-02-25T19:17:00,web,IN,0
T001398,U0428,D0122,C0518,IP0175,M0037,648.35,2026-01-11T12:16:00,web,US,1
T001399,U0137,D0096,C0645,IP0213,M0047,47.75,2026-01-21T10:30:00,pos,IN,0
T001400,U0078,D0136,C0142,IP0216,M0030,55.88,2026-02-20T13:35:00,mobile,CA,0
T001401,U0471,D0105,C0371,IP0235,M0067,42.8,2026-01-05T15:59:00,web,CA,0
T001402,U0075,D0003,C0347,IP0036,M0011,102.5,2026-02-23T18:06:00,mobile,CA,0
T001403,U0396,D0043,C0403,IP0223,M0008,388.33,2026-02-09T01:13:00,web,BR,1
T001404,U0473,D0165,C0060,IP0078,M0074,334.92,2026-01-14T00:57:00,pos,BR,0
T001405,U0410,D0170,C0412,IP0152,M0054,56.2,2026-02-28T16:35:00,pos,BR,1
T001406,U0284,D0078,C0009,IP0161,M0045,53.29,2026-03-01T11:19:00,mobile,NG,0
T001407,U0313,D0038,C0211,IP0207,M0058,14.48,2026-01-18T20:59:00,pos,NG,0
T001408,U0404,D0159,C0415,IP0227,M0045,121.15,2026-02-14T18:38:00,web,GB,1
T001409,U0044,D0010,C0130,IP0172,M0050,140.92,2026-02-23T11:26:00,pos,NG,1
T001410,U0146,D0055,C0566,IP0048,M0066,119.36,2026-01-03T21:49:00,mobile,NG,0
T001411,U0175,D0163,C0029,IP0082,M0003,130.7,2026-02-05T07:30:00,pos,NG,0
T001412,U0133,D0062,C0518,IP0156,M0055,45.77,2026-01-01T04:37:00,web,BR,0
T001413,U0031,D0096,C0520,IP0133,M0081,173.83,2026-01-19T19:45:00,mobile,US,0
T001414,U0025,D0167,C0306,IP0064,M0058,411.56,2026-02-04T08:23:00,pos,BR,0
T001415,U0003,D0117,C0596,IP0174,M0031,823.68,2026-02-10T06:58:00,pos,BR,0
T001416,U0458,D0161,C0307,IP0120,M0045,184.09,2026-01-27T13:59:00,mobile,BR,0
T001417,U0402,D0147,C0533,IP0072,M0049,61.22,2026-01-18T20:34:00,pos,IN,0
T001418,U0054,D0084,C0466,IP0099,M0047,97.43,2026-01-28T13:12:00,web,IN,1
T001419,U0365,D0109,C0095,IP0211,M0011,45.79,2026-02-23T23:25:00,web,CA,0
T001420,U0455,D0034,C0457,IP0244,M0028,164.79,2026-01-28T01:42:00,web,GB,0
T001421,U0347,D0135,C0573,IP0207,M0076,121.37,2026-02-06T12:36:00,pos,RU,0
T001422,U0203,D0068,C0434,IP0256,M0082,1226.39,2026-01-03T06:31:00,mobile,BR,1
T001423,U0477,D0126,C0148,IP0214,M0021,50.51,2026-01-26T17:08:00,pos,IN,0
T001424,U0249,D0118,C0542,IP0067,M0066,126.04,2026-01-29T19:56:00,web,BR,0
T001425,U0109,D0117,C0161,IP0243,M0005,83.1,2026-01-02T02:44:00,pos,GB,0
T001426,U0472,D0031,C0124,IP0210,M0015,96.07,2026-02-24T22:13:00,mobile,NG,0
T001427,U0149,D0011,C0381,IP0079,M0016,630.49,2026-02-12T06:00:00,mobile,GB,0
T001428,U0156,D0076,C0147,IP0249,M0004,59.87,2026-01-27T06:09:00,web,RU,0
T001429,U0302,D0108,C0291,IP0025,M0040,29.29,2026-02-21T17:00:00,web,IN,0
T001430,U0420,D0126,C0561,IP0002,M0016,534.72,2026-02-09T04:24:00,mobile,US,0
T001431,U0446,D0012,C0587,IP0214,M0062,158.13,2026-01-24T08:37:00,mobile,NG,0
T001432,U0232,D0087,C0621,IP0194,M0061,123.11,2026-01-16T11:41:00,web,RU,0
T001433,U0071,D0130,C0460,IP0236,M0058,87.95,2026-02-01T04:25:00,web,RU,0
T001434,U0373,D0084,C0639,IP0046,M0080,194.2,2026-01-12T15:21:00,mobile,CA,0
T001435,U0120,D0102,C0047,IP0174,M0070,74.84,2026-02-13T21:24:00,pos,CA,0
T001436,U0377,D0072,C0026,IP0046,M0022,593.04,2026-01-20T16:08:00,pos,BR,0
T001437,U0408,D0080,C0573,IP0064,M0083,32.98,2026-02-21T03:03:00,web,IN,0
T001438,U0490,D0159,C0535,IP0028,M0073,470.74,2026-02-21T13:58:00,web,RU,1
T001439,U0244,D0129,C0545,IP0010,M0016,63.61,2026-02-15T15:50:00,web,US,0
T001440,U0141,D0053,C0455,IP0126,M0075,115.21,2026-02-27T10:55:00,web,RU,0
T001441,U0274,D0156,C0604,IP0165,M0052,49.15,2026-02-21T09:29:00,web,CA,0
T001442,U0442,D0006,C0185,IP0175,M0056,335.74,2026-01-19T10:16:00,mobile,US,0
T001443,U0441,D0136,C0264,IP0163,M0049,110.83,2026-03-01T07:45:00,web,US,0
T001444,U0051,D0139,C0148,IP0087,M0037,100.61,2026-02-05T00:13:00,web,GB,1
T001445,U0394,D0023,C0418,IP0079,M0040,21.31,2026-02-15T04:32:00,pos,IN,1
T001446,U0031,D0158,C0028,IP0167,M0024,114.4,2026-02-13T13:23:00,pos,US,0
T001447,U0153,D0100,C0146,IP0051,M0041,152.78,2026-01-23T18:48:00,mobile,GB,0
T001448,U0133,D0097,C0208,IP0062,M0007,42.74,2026-01-26T12:35:00,web,RU,1
T001449,U0306,D0151,C0521,IP0122,M0064,168.61,2026-01-03T03:38:00,pos,CA,1
T001450,U0487,D0030,C0326,IP0138,M0008,130.49,2026-01-25T09:54:00,mobile,NG,1
T001451,U0209,D0017,C0418,IP0248,M0004,97.55,2026-02-01T23:56:00,pos,IN,0
T001452,U0468,D0005,C0601,IP0138,M0071,37.03,2026-01-09T18:48:00,pos,US,0
T001453,U0127,D0143,C0582,IP0065,M0039,27.95,2026-01-17T23:17:00,mobile,CA,0
T001454,U0043,D0163,C0146,IP0257,M0027,177.64,2026-01-15T19:19:00,mobile,NG,0
T001455,U0087,D0063,C0463,IP0217,M0072,78.49,2026-01-15T04:38:00,web,US,1
T001456,U0417,D0119,C0172,IP0149,M0084,402.02,2026-01-17T15:04:00,web,US,1
T001457,U0478,D0124,C0257,IP0140,M0077,306.63,2026-02-11T21:39:00,pos,CA,0
T001458,U0180,D0162,C0523,IP0109,M0075,333.88,2026-02-13T09:42:00,mobile,US,0
T001459,U0083,D0137,C0092,IP0036,M0039,92.27,2026-02-07T14:10:00,mobile,BR,0
T001460,U0063,D0036,C0216,IP0144,M0056,24.87,2026-02-09T01:21:00,pos,NG,0
T001461,U0491,D0082,C0268,IP0176,M0082,95.71,2026-01-02T20:54:00,pos,CA,0
T001462,U0140,D0063,C0216,IP0165,M0044,100.93,2026-01-05T15:15:00,mobile,NG,0
T001463,U0169,D0005,C0003,IP0069,M0083,267.36,2026-01-03T14:57:00,pos,CA,0
T001464,U0003,D0003,C0570,IP0089,M0053,3106.52,2026-02-19T16:38:00,pos,BR,0
T001465,U0251,D0101,C0080,IP0042,M0084,50.61,2026-01-18T20:24:00,pos,US,0
T001466,U0457,D0172,C0127,IP0228,M0087,532.9,2026-01-16T08:06:00,mobile,RU,0
T001467,U0193,D0154,C0182,IP0184,M0050,197.78,2026-02-27T04:43:00,pos,US,0
T001468,U0064,D0119,C0456,IP0190,M0025,205.04,2026-01-12T08:04:00,web,IN,1
T001469,U0381,D0006,C0367,IP0144,M0088,206.77,2026-01-13T18:23:00,web,US,0
T001470,U0418,D0158,C0240,IP0156,M0029,16.39,2026-02-03T17:06:00,mobile,GB,0
T001471,U0019,D0072,C0215,IP0253,M0078,290.76,2026-01-18T23:48:00,web,IN,1
T001472,U0421,D0164,C0285,IP0203,M0015,62.73,2026-01-20T13:00:00,pos,NG,0
T001473,U0253,D0044,C0580,IP0100,M0085,75.88,2026-01-08T06:24:00,pos,BR,0
T001474,U0309,D0145,C0603,IP0090,M0009,178.19,2026-02-03T03:57:00,web,BR,0
T001475,U0034,D0033,C0234,IP0133,M0073,163.76,2026-01-07T13:51:00,pos,BR,1
T001476,U0401,D0071,C0024,IP0099,M0087,307.12,2026-02-16T11:34:00,pos,BR,1
T001477,U0273,D0158,C0574,IP0130,M0088,49.53,2026-01-28T08:41:00,mobile,US,0
T001478,U0481,D0110,C0443,IP0027,M0042,524.18,2026-01-09T20:45:00,mobile,GB,1
T001479,U0063,D0175,C0371,IP0239,M0064,225.78,2026-01-08T22:58:00,pos,RU,0
T001480,U0023,D0058,C0431,IP0025,M0036,326.45,2026-02-08T18:13:00,pos,CA,0
T001481,U0162,D0002,C0343,IP0201,M0025,737.99,2026-02-18T15:57:00,web,NG,0
T001482,U0414,D0015,C0434,IP0238,M0089,45.49,2026-02-09T11:33:00,web,IN,0
T001483,U0101,D0043,C0065,IP0169,M0040,101.77,2026-01-05T10:27:00,pos,BR,0
T001484,U0050,D0008,C0025,IP0246,M0056,459.38,2026-01-08T17:59:00,pos,RU,0
T001485,U0321,D0086,C0111,IP0129,M0032,26.4,2026-02-14T03:21:00,mobile,IN,1
T001486,U0491,D0088,C0533,IP0028,M0043,918.36,2026-02-02T05:51:00,web,US,0
T001487,U0398,D0154,C0641,IP0225,M0013,212.47,2026-01-11T14:23:00,mobile,NG,0
T001488,U0064,D0022,C0387,IP0032,M0005,656.93,2026-01-11T16:40:00,mobile,RU,1
T001489,U0356,D0017,C0453,IP0066,M0008,269.27,2026-02-15T02:18:00,web,GB,0
T001490,U0313,D0161,C0105,IP0222,M0009,146.65,2026-02-14T09:31:00,pos,US,0
T001491,U0287,D0014,C0412,IP0151,M0049,16.15,2026-01-23T07:09:00,web,NG,0
T001492,U0386,D0106,C0639,IP0120,M0077,509.8,2026-02-07T22:54:00,web,CA,0
T001493,U0197,D0119,C0635,IP0220,M0080,69.08,2026-01-06T19:20:00,web,GB,0
T001494,U0334,D0173,C0530,IP0014,M0059,99.53,2026-01-28T01:22:00,mobile,NG,0
T001495,U0099,D0028,C0610,IP0053,M0002,17.53,2026-01-02T20:08:00,pos,US,0
T001496,U0304,D0050,C0522,IP0065,M0082,73.58,2026-02-23T00:43:00,mobile,GB,0
T001497,U0216,D0124,C0249,IP0228,M0024,87.89,2026-02-24T23:31:00,web,RU,0
T001498,U0023,D0016,C0599,IP0066,M0040,745.96,2026-02-09T19:03:00,mobile,NG,0
T001499,U0492,D0167,C0598,IP0184,M0040,257.29,2026-01-14T15:50:00,pos,RU,1
T001500,U0075,D0038,C0618,IP0241,M0040,131.08,2026-01-02T09:52:00,mobile,GB,0
T001501,U0189,D0003,C0244,IP0075,M0008,88.53,2026-01-29T14:17:00,pos,RU,0
T001502,U0428,D0144,C0353,IP0028,M0055,62.36,2026-01-25T00:02:00,web,IN,0
T001503,U0328,D0052,C0194,IP0036,M0044,559.77,2026-01-22T09:55:00,pos,CA,0
T001504,U0356,D0178,C0340,IP0240,M0077,47.91,2026-01-07T14:37:00,pos,NG,0
T001505,U0494,D0086,C0337,IP0154,M0054,29.29,2026-01-18T03:48:00,web,US,0
T001506,U0233,D0011,C0004,IP0254,M0029,161.95,2026-01-15T23:21:00,pos,IN,0
T001507,U0355,D0059,C0219,IP0239,M0080,393.74,2026-02-13T18:54:00,web,CA,0
T001508,U0377,D0085,C0410,IP0193,M0027,252.52,2026-01-21T14:07:00,web,RU,0
T001509,U0004,D0093,C0367,IP0006,M0010,153.9,2026-01-14T03:07:00,web,NG,1
T001510,U0059,D0037,C0200,IP0149,M0057,41.05,2026-02-06T09:37:00,pos,NG,0
T001511,U0468,D0093,C0204,IP0023,M0004,440.17,2026-01-03T11:02:00,web,GB,0
T001512,U0090,D0057,C0348,IP0135,M0023,23.49,2026-02-03T00:55:00,pos,IN,0
T001513,U0092,D0051,C0269,IP0012,M0023,93.81,2026-02-28T07:58:00,web,US,1
T001514,U0426,D0174,C0114,IP0071,M0049,101.66,2026-01-04T20:39:00,mobile,IN,0
T001515,U0157,D0117,C0382,IP0123,M0048,64.93,2026-01-21T16:36:00,pos,IN,0
T001516,U0482,D0135,C0122,IP0223,M0009,1196.85,2026-02-10T05:19:00,web,IN,0
T001517,U0407,D0049,C0388,IP0099,M0069,41.0,2026-02-15T08:15:00,pos,GB,1
T001518,U0163,D0154,C0251,IP0220,M0082,67.41,2026-01-15T19:51:00,web,RU,0
T001519,U0316,D0151,C0302,IP0097,M0069,197.1,2026-02-11T02:34:00,web,GB,0
T001520,U0127,D0014,C0521,IP0144,M0017,115.24,2026-01-31T01:46:00,pos,CA,0
T001521,U0108,D0021,C0630,IP0241,M0085,117.45,2026-01-29T02:16:00,web,IN,1
T001522,U0261,D0100,C0532,IP0192,M0064,50.89,2026-02-11T21:28:00,mobile,IN,0
T001523,U0165,D0096,C0486,IP0248,M0064,58.83,2026-01-05T03:57:00,mobile,NG,0
T001524,U0206,D0164,C0225,IP0019,M0027,226.83,2026-01-18T16:15:00,web,CA,0
T001525,U0442,D0061,C0314,IP0203,M0028,103.43,2026-02-24T18:23:00,mobile,CA,0
T001526,U0293,D0041,C0564,IP0192,M0033,197.58,2026-02-04T04:34:00,web,IN,0
T001527,U0385,D0022,C0532,IP0152,M0057,176.23,2026-01-25T15:51:00,mobile,IN,0
T001528,U0299,D0015,C0637,IP0170,M0063,82.56,2026-01-05T00:55:00,mobile,CA,1
T001529,U0231,D0120,C0377,IP0222,M0053,50.32,2026-01-18T15:23:00,mobile,GB,0
T001530,U0140,D0098,C0453,IP0013,M0023,237.61,2026-02-12T13:01:00,web,GB,0
T001531,U0331,D0015,C0302,IP0197,M0070,272.46,2026-01-06T00:51:00,pos,NG,1
T001532,U0280,D0015,C0234,IP0194,M0037,59.02,2026-02-20T03:18:00,web,US,1
T001533,U0037,D0093,C0206,IP0020,M0070,98.75,2026-02-22T16:50:00,mobile,IN,0
T001534,U0346,D0085,C0282,IP0129,M0039,66.64,2026-02-06T11:04:00,web,BR,0
T001535,U0310,D0170,C0557,IP0194,M0008,74.22,2026-01-10T00:50:00,mobile,US,1
T001536,U0395,D0077,C0414,IP0145,M0045,130.86,2026-01-05T06:25:00,mobile,RU,0
T001537,U0297,D0168,C0525,IP0007,M0061,35.68,2026-01-11T02:28:00,web,RU,0
T001538,U0204,D0059,C0486,IP0117,M0027,123.02,2026-01-24T11:41:00,web,NG,0
T001539,U0301,D0142,C0349,IP0240,M0060,80.86,2026-01-17T19:19:00,web,GB,0
T001540,U0434,D0049,C0215,IP0220,M0054,273.72,2026-01-11T23:07:00,mobile,CA,0
T001541,U0437,D0143,C0143,IP0016,M0048,230.51,2026-02-12T09:31:00,pos,RU,0
T001542,U0066,D0079,C0364,IP0005,M0064,29.67,2026-02-24T17:05:00,mobile,IN,1
T001543,U0215,D0109,C0551,IP0207,M0089,96.77,2026-01-08T13:02:00,mobile,GB,0
T001544,U0301,D0006,C0158,IP0017,M0018,116.34,2026-01-08T19:16:00,mobile,NG,0
T001545,U0323,D0155,C0210,IP0201,M0049,38.3,2026-02-28T04:02:00,mobile,US,0
T001546,U0274,D0073,C0112,IP0087,M0080,138.74,2026-02-06T21:52:00,mobile,NG,1
T001547,U0493,D0116,C0176,IP0156,M0012,36.45,2026-01-18T05:25:00,web,BR,0
T001548,U0284,D0046,C0618,IP0017,M0089,326.14,2026-02-15T06:22:00,mobile,US,0
T001549,U0096,D0051,C0291,IP0036,M0050,249.29,2026-02-19T22:07:00,web,IN,1
T001550,U0150,D0169,C0059,IP0036,M0059,102.21,2026-01-01T21:52:00,mobile,NG,0
T001551,U0006,D0044,C0401,IP0168,M0053,199.08,2026-01-15T11:29:00,web,US,0
T001552,U0067,D0179,C0071,IP0170,M0080,1464.48,2026-02-02T01:33:00,mobile,RU,1
T001553,U0106,D0034,C0443,IP0106,M0040,56.08,2026-01-21T18:13:00,pos,BR,1
T001554,U0244,D0041,C0208,IP0159,M0076,107.3,2026-02-19T10:05:00,pos,BR,0
T001555,U0351,D0118,C0008,IP0142,M0026,86.18,2026-01-27T19:39:00,web,CA,0
T001556,U0033,D0103,C0337,IP0127,M0068,111.88,2026-02-20T08:35:00,pos,CA,0
T001557,U0236,D0119,C0295,IP0021,M0012,52.16,2026-02-08T10:31:00,pos,CA,0
T001558,U0178,D0180,C0628,IP0153,M0051,545.72,2026-01-07T05:57:00,web,CA,0
T001559,U0128,D0046,C0394,IP0222,M0059,142.3,2026-01-20T19:21:00,pos,IN,0
T001560,U0358,D0146,C0045,IP0049,M0051,45.04,2026-01-04T20:40:00,web,RU,0
T001561,U0081,D0071,C0069,IP0150,M0086,309.41,2026-01-25T18:22:00,pos,BR,0
T001562,U0370,D0056,C0567,IP0253,M0053,100.66,2026-02-24T09:05:00,web,GB,0
T001563,U0040,D0027,C0420,IP0259,M0042,87.08,2026-01-30T08:02:00,mobile,IN,0
T001564,U0130,D0054,C0028,IP0023,M0060,111.28,2026-02-27T03:18:00,web,BR,0
T001565,U0356,D0173,C0352,IP0237,M0049,134.48,2026-01-19T10:04:00,pos,CA,0
T001566,U0439,D0050,C0011,IP0204,M0005,60.82,2026-02-23T19:35:00,mobile,US,0
T001567,U0364,D0035,C0476,IP0168,M0086,262.69,2026-01-14T20:31:00,mobile,CA,0
T001568,U0035,D0022,C0144,IP0125,M0057,125.41,2026-01-03T04:59:00,mobile,RU,0
T001569,U0143,D0042,C0622,IP0088,M0003,146.9,2026-02-14T22:46:00,web,IN,0
T001570,U0151,D0015,C0401,IP0257,M0008,181.69,2026-01-30T14:13:00,web,US,1
T001571,U0344,D0003,C0452,IP0140,M0020,827.3,2026-02-20T04:29:00,mobile,IN,0
T001572,U0111,D0009,C0049,IP0111,M0057,310.44,2026-02-06T23:28:00,pos,RU,0
T001573,U0268,D0165,C0316,IP0053,M0050,189.83,2026-01-20T07:33:00,mobile,US,0
T001574,U0307,D0002,C0207,IP0025,M0049,80.51,2026-01-14T09:45:00,web,GB,0
T001575,U0466,D0062,C0017,IP0103,M0012,699.07,2026-02-21T17:14:00,mobile,US,0
T001576,U0008,D0087,C0065,IP0099,M0088,52.15,2026-03-01T15:51:00,web,US,0
T001577,U0409,D0171,C0046,IP0086,M0022,180.08,2026-02-17T04:17:00,mobile,NG,0
T001578,U0056,D0084,C0642,IP0166,M0072,70.23,2026-02-18T16:57:00,web,NG,1
T001579,U0107,D0139,C0124,IP0203,M0055,87.16,2026-01-07T03:05:00,web,IN,0
T001580,U0055,D0092,C0016,IP0166,M0023,93.28,2026-02-07T12:40:00,mobile,BR,0
T001581,U0162,D0004,C0470,IP0200,M0028,110.44,2026-02-14T03:45:00,web,US,0
T001582,U0337,D0072,C0069,IP0189,M0006,204.97,2026-02-03T20:40:00,web,CA,0
T001583,U0155,D0154,C0550,IP0256,M0014,124.99,2026-02-18T22:38:00,pos,IN,0
T001584,U0129,D0025,C0398,IP0167,M0081,23.43,2026-01-31T19:48:00,pos,RU,0
T001585,U0356,D0035,C0326,IP0171,M0023,284.2,2026-01-26T03:08:00,pos,CA,0
T001586,U0035,D0086,C0600,IP0010,M0078,50.65,2026-01-13T02:44:00,mobile,CA,0
T001587,U0262,D0170,C0014,IP0257,M0073,478.7,2026-01-30T18:24:00,web,US,1
T001588,U0316,D0032,C0439,IP0159,M0031,85.48,2026-01-10T12:06:00,web,NG,0
T001589,U0041,D0016,C0511,IP0071,M0048,234.84,2026-02-19T09:04:00,mobile,IN,0
T001590,U0078,D0097,C0039,IP0105,M0083,65.9,2026-01-20T23:19:00,web,BR,0
T001591,U0307,D0114,C0285,IP0169,M0018,381.68,2026-01-05T12:43:00,mobile,BR,0
T001592,U0403,D0011,C0296,IP0213,M0083,152.46,2026-01-12T21:45:00,web,IN,0
T001593,U0434,D0085,C0211,IP0176,M0032,143.56,2026-02-12T05:56:00,pos,US,0
T001594,U0465,D0171,C0228,IP0128,M0088,178.19,2026-02-26T11:32:00,pos,RU,0
T001595,U0196,D0134,C0453,IP0165,M0024,95.45,2026-02-27T15:59:00,pos,US,0
T001596,U0034,D0126,C0054,IP0036,M0025,194.89,2026-01-16T01:49:00,pos,IN,0
T001597,U0481,D0053,C0178,IP0065,M0012,123.56,2026-01-29T05:04:00,pos,NG,0
T001598,U0426,D0053,C0081,IP0121,M0065,21.97,2026-02-06T02:21:00,mobile,BR,0
T001599,U0240,D0080,C0251,IP0085,M0026,14.05,2026-01-08T10:44:00,mobile,IN,0
T001600,U0311,D0064,C0591,IP0156,M0037,86.82,2026-01-08T16:44:00,mobile,BR,1
T001601,U0104,D0070,C0369,IP0247,M0011,235.4,2026-01-07T16:02:00,mobile,CA,0
T001602,U0086,D0121,C0518,IP0226,M0055,377.03,2026-01-29T16:01:00,pos,BR,0
T001603,U0222,D0040,C0391,IP0247,M0003,204.53,2026-01-30T16:07:00,mobile,RU,0
T001604,U0043,D0077,C0180,IP0079,M0071,58.21,2026-02-17T02:41:00,mobile,CA,0
T001605,U0238,D0079,C0385,IP0233,M0037,168.12,2026-02-27T15:34:00,pos,NG,0
T001606,U0247,D0019,C0481,IP0171,M0018,154.25,2026-01-06T02:11:00,web,IN,1
T001607,U0470,D0049,C0513,IP0003,M0002,167.64,2026-01-18T21:13:00,pos,BR,0
T001608,U0192,D0126,C0405,IP0208,M0054,66.97,2026-01-07T23:54:00,pos,GB,1
T001609,U0197,D0126,C0603,IP0158,M0083,138.73,2026-02-16T22:17:00,web,CA,0
T001610,U0454,D0010,C0580,IP0064,M0050,141.1,2026-02-17T20:52:00,web,IN,1
T001611,U0391,D0112,C0522,IP0131,M0045,115.08,2026-02-13T03:54:00,pos,CA,0
T001612,U0326,D0177,C0395,IP0189,M0008,136.56,2026-02-27T16:05:00,mobile,BR,0
T001613,U0127,D0063,C0371,IP0245,M0005,66.74,2026-02-22T22:51:00,pos,BR,0
T001614,U0347,D0008,C0620,IP0076,M0034,72.4,2026-02-16T15:08:00,mobile,BR,0
T001615,U0076,D0066,C0593,IP0127,M0078,207.68,2026-01-19T15:45:00,pos,RU,0
T001616,U0083,D0004,C0394,IP0060,M0012,374.88,2026-02-03T16:33:00,mobile,BR,1
T001617,U0301,D0021,C0170,IP0097,M0055,374.25,2026-02-08T10:20:00,mobile,GB,0
T001618,U0355,D0078,C0392,IP0257,M0069,94.71,2026-01-15T20:48:00,pos,GB,1
T001619,U0376,D0106,C0587,IP0046,M0014,183.16,2026-02-08T03:45:00,mobile,RU,0
T001620,U0074,D0069,C0316,IP0108,M0051,371.61,2026-02-09T08:04:00,web,IN,0
T001621,U0418,D0126,C0072,IP0001,M0013,46.45,2026-01-29T06:54:00,pos,CA,0
T001622,U0269,D0107,C0175,IP0148,M0056,806.07,2026-01-16T20:26:00,web,GB,1
T001623,U0096,D0035,C0187,IP0102,M0063,293.95,2026-01-31T09:53:00,pos,US,0
T001624,U0231,D0146,C0206,IP0109,M0024,92.85,2026-01-28T11:27:00,web,BR,1
T001625,U0094,D0050,C0452,IP0133,M0053,82.88,2026-01-19T19:27:00,pos,NG,0
T001626,U0056,D0163,C0301,IP0086,M0011,18.35,2026-01-19T12:45:00,web,CA,0
T001627,U0064,D0071,C0031,IP0033,M0044,1522.88,2026-01-05T11:56:00,pos,IN,0
T001628,U0245,D0125,C0063,IP0052,M0002,149.7,2026-02-16T08:49:00,mobile,RU,1
T001629,U0490,D0002,C0217,IP0022,M0013,102.01,2026-01-29T12:58:00,pos,RU,0
T001630,U0004,D0097,C0485,IP0137,M0063,117.37,2026-03-01T17:23:00,mobile,NG,1
T001631,U0220,D0087,C0352,IP0190,M0088,91.87,2026-02-24T09:25:00,mobile,RU,0
T001632,U0123,D0093,C0626,IP0205,M0049,252.83,2026-01-31T01:15:00,web,GB,0
T001633,U0448,D0085,C0468,IP0052,M0001,214.8,2026-01-25T05:06:00,pos,CA,0
T001634,U0372,D0170,C0126,IP0012,M0073,28.37,2026-01-23T16:20:00,pos,GB,0
T001635,U0487,D0180,C0463,IP0128,M0048,264.97,2026-01-06T11:43:00,pos,BR,0
T001636,U0338,D0122,C0193,IP0212,M0085,403.09,2026-01-23T13:50:00,web,BR,0
T001637,U0491,D0119,C0369,IP0012,M0069,76.15,2026-02-03T07:04:00,web,RU,1
T001638,U0377,D0084,C0622,IP0228,M0030,91.15,2026-01-10T09:15:00,mobile,CA,0
T001639,U0379,D0157,C0439,IP0042,M0045,913.98,2026-01-24T04:46:00,mobile,BR,1
T001640,U0439,D0180,C0301,IP0052,M0050,124.27,2026-02-15T14:29:00,pos,IN,1
T001641,U0365,D0037,C0131,IP0259,M0005,73.54,2026-01-27T17:28:00,mobile,RU,0
T001642,U0045,D0078,C0457,IP0240,M0022,84.59,2026-02-19T09:32:00,web,CA,0
T001643,U0340,D0139,C0217,IP0124,M0032,265.74,2026-01-07T07:49:00,web,RU,1
T001644,U0484,D0169,C0446,IP0046,M0014,298.03,2026-02-22T06:21:00,pos,US,0
T001645,U0083,D0084,C0226,IP0197,M0036,669.1,2026-01-16T13:45:00,pos,GB,0
T001646,U0341,D0122,C0140,IP0064,M0086,124.67,2026-01-08T11:11:00,pos,BR,0
T001647,U0372,D0073,C0341,IP0012,M0008,187.5,2026-01-25T05:36:00,web,NG,1
T001648,U0393,D0154,C0352,IP0034,M0083,103.32,2026-01-28T04:46:00,mobile,BR,1
T001649,U0381,D0098,C0229,IP0224,M0030,95.61,2026-01-27T02:25:00,mobile,US,0
T001650,U0149,D0023,C0349,IP0058,M0012,476.6,2026-01-31T03:04:00,pos,NG,1
T001651,U0480,D0049,C0377,IP0060,M0074,215.8,2026-02-26T04:20:00,web,RU,0
T001652,U0161,D0098,C0064,IP0001,M0040,128.8,2026-01-09T01:12:00,pos,NG,0
T001653,U0098,D0100,C0374,IP0217,M0041,90.55,2026-02-25T11:05:00,pos,RU,0
T001654,U0065,D0134,C0405,IP0114,M0014,36.44,2026-01-25T02:02:00,web,NG,1
T001655,U0437,D0118,C0304,IP0162,M0019,109.59,2026-01-21T00:05:00,web,CA,1
T001656,U0349,D0117,C0291,IP0076,M0077,206.22,2026-02-25T02:45:00,web,BR,0
T001657,U0341,D0180,C0328,IP0018,M0077,119.09,2026-02-09T05:34:00,mobile,NG,0
T001658,U0353,D0032,C0490,IP0141,M0074,260.89,2026-01-22T11:08:00,pos,RU,0
T001659,U0111,D0127,C0061,IP0150,M0049,19.3,2026-02-26T13:02:00,mobile,IN,0
T001660,U0424,D0054,C0184,IP0116,M0007,413.49,2026-01-06T17:53:00,mobile,BR,0
T001661,U0201,D0077,C0562,IP0082,M0003,49.97,2026-01-04T01:32:00,mobile,GB,0
T001662,U0217,D0174,C0401,IP0243,M0045,19.92,2026-01-07T23:43:00,mobile,US,0
T001663,U0271,D0073,C0562,IP0145,M0025,138.35,2026-02-02T03:23:00,mobile,US,0
T001664,U0068,D0083,C0469,IP0028,M0039,420.58,2026-02-03T04:07:00,pos,IN,0
T001665,U0296,D0036,C0299,IP0227,M0062,598.81,2026-01-01T03:28:00,web,IN,0
T001666,U0112,D0051,C0590,IP0005,M0047,54.7,2026-01-08T18:07:00,web,BR,0
T001667,U0403,D0038,C0173,IP0193,M0055,559.09,2026-02-03T12:07:00,web,US,0
T001668,U0183,D0122,C0121,IP0092,M0007,115.52,2026-01-25T16:41:00,pos,BR,1
T001669,U0174,D0152,C0643,IP0223,M0020,81.86,2026-01-31T00:16:00,pos,CA,0
T001670,U0126,D0009,C0407,IP0061,M0031,57.38,2026-01-22T20:42:00,mobile,GB,0
T001671,U0353,D0153,C0385,IP0089,M0084,112.65,2026-02-26T21:12:00,pos,RU,0
T001672,U0344,D0169,C0392,IP0046,M0060,103.4,2026-02-02T02:06:00,mobile,BR,1
T001673,U0335,D0114,C0123,IP0189,M0002,74.01,2026-02-20T06:20:00,web,US,0
T001674,U0063,D0126,C0601,IP0116,M0003,88.77,2026-01-15T19:32:00,pos,NG,0
T001675,U0246,D0071,C0186,IP0049,M0076,152.0,2026-02-16T21:44:00,mobile,CA,0
T001676,U0331,D0180,C0586,IP0223,M0039,115.2,2026-01-06T18:03:00,web,US,0
T001677,U0167,D0017,C0021,IP0095,M0052,6.14,2026-02-15T23:47:00,mobile,NG,0
T001678,U0419,D0138,C0532,IP0251,M0009,100.64,2026-02-18T06:46:00,pos,NG,0
T001679,U0366,D0167,C0121,IP0064,M0027,245.81,2026-01-31T16:20:00,web,RU,0
T001680,U0307,D0178,C0569,IP0093,M0001,45.63,2026-01-03T14:07:00,mobile,RU,0
T001681,U0161,D0032,C0589,IP0021,M0017,352.3,2026-01-17T17:40:00,web,BR,0
T001682,U0083,D0023,C0087,IP0132,M0005,104.93,2026-02-23T11:52:00,web,NG,0
T001683,U0153,D0094,C0001,IP0088,M0055,200.06,2026-02-03T17:16:00,web,GB,0
T001684,U0024,D0133,C0547,IP0151,M0085,13.43,2026-01-24T12:46:00,mobile,IN,0
T001685,U0296,D0126,C0361,IP0161,M0067,512.83,2026-03-01T14:03:00,pos,NG,0
T001686,U0262,D0054,C0046,IP0051,M0085,209.31,2026-01-26T20:20:00,web,US,0
T001687,U0097,D0037,C0138,IP0154,M0028,1025.73,2026-01-08T19:06:00,pos,NG,0
T001688,U0111,D0152,C0132,IP0184,M0036,264.16,2026-01-16T18:03:00,pos,NG,0
T001689,U0217,D0015,C0267,IP0257,M0037,278.84,2026-01-07T09:38:00,mobile,BR,1
T001690,U0463,D0042,C0086,IP0205,M0059,36.71,2026-01-25T22:27:00,mobile,BR,0
T001691,U0218,D0170,C0073,IP0257,M0089,226.14,2026-01-30T12:45:00,pos,BR,1
T001692,U0138,D0163,C0578,IP0099,M0048,96.17,2026-01-12T03:50:00,pos,BR,1
T001693,U0421,D0131,C0158,IP0084,M0054,50.88,2026-02-01T05:16:00,mobile,RU,0
T001694,U0223,D0098,C0254,IP0014,M0078,173.08,2026-01-02T22:33:00,web,GB,0
T001695,U0064,D0137,C0562,IP0057,M0088,38.36,2026-02-02T09:22:00,mobile,US,0
T001696,U0169,D0164,C0342,IP0046,M0047,269.2,2026-01-27T04:21:00,mobile,IN,0
T001697,U0445,D0058,C0101,IP0141,M0002,9.09,2026-02-21T05:34:00,mobile,IN,0
T001698,U0194,D0027,C0540,IP0064,M0023,28.52,2026-01-30T03:10:00,pos,GB,0
T001699,U0302,D0126,C0358,IP0049,M0068,174.53,2026-02-19T04:44:00,pos,NG,1
T001700,U0444,D0073,C0102,IP0139,M0078,264.37,2026-01-14T12:56:00,web,IN,0
T001701,U0163,D0100,C0545,IP0093,M0045,61.21,2026-02-27T22:35:00,pos,NG,0
T001702,U0452,D0104,C0131,IP0245,M0076,72.32,2026-02-08T09:42:00,mobile,US,0
T001703,U0352,D0132,C0130,IP0080,M0085,327.36,2026-02-07T21:19:00,web,CA,0
T001704,U0291,D0069,C0380,IP0028,M0082,87.83,2026-02-27T19:28:00,pos,RU,0
T001705,U0128,D0174,C0188,IP0215,M0059,693.89,2026-01-18T16:50:00,mobile,GB,0
T001706,U0409,D0120,C0283,IP0258,M0037,1402.45,2026-02-24T18:17:00,mobile,NG,1
T001707,U0483,D0059,C0090,IP0157,M0082,92.42,2026-01-27T23:12:00,mobile,CA,0
T001708,U0395,D0081,C0082,IP0047,M0082,188.45,2026-01-09T07:18:00,web,BR,1
T001709,U0123,D0024,C0059,IP0085,M0074,39.32,2026-01-29T04:39:00,web,BR,0
T001710,U0147,D0142,C0435,IP0253,M0002,330.86,2026-01-03T05:45:00,pos,NG,1
T001711,U0478,D0035,C0528,IP0246,M0064,91.26,2026-01-24T15:27:00,pos,BR,0
T001712,U0455,D0137,C0015,IP0064,M0052,439.66,2026-02-13T15:05:00,pos,IN,0
T001713,U0467,D0002,C0354,IP0218,M0069,144.03,2026-01-28T14:44:00,web,BR,0
T001714,U0339,D0136,C0460,IP0022,M0078,119.05,2026-01-06T04:45:00,web,BR,0
T001715,U0477,D0135,C0077,IP0116,M0023,106.01,2026-01-31T00:01:00,mobile,RU,0
T001716,U0069,D0132,C0433,IP0181,M0007,864.37,2026-02-13T04:21:00,mobile,CA,0
T001717,U0088,D0096,C0256,IP0058,M0044,77.38,2026-02-26T02:01:00,pos,RU,0
T001718,U0393,D0031,C0495,IP0149,M0039,440.14,2026-02-08T15:53:00,mobile,GB,0
T001719,U0110,D0001,C0313,IP0202,M0028,37.34,2026-01-05T14:41:00,pos,NG,0
T001720,U0423,D0010,C0500,IP0238,M0080,23.08,2026-02-11T14:03:00,web,GB,0
T001721,U0004,D0158,C0306,IP0236,M0043,326.47,2026-02-23T05:15:00,mobile,US,0
T001722,U0003,D0090,C0364,IP0096,M0052,75.38,2026-01-10T03:52:00,web,US,0
T001723,U0221,D0126,C0542,IP0102,M0011,8.44,2026-01-15T08:04:00,pos,IN,1
T001724,U0211,D0032,C0160,IP0250,M0001,88.82,2026-01-23T17:02:00,pos,GB,0
T001725,U0116,D0121,C0307,IP0203,M0048,155.13,2026-01-05T02:32:00,mobile,CA,0
T001726,U0457,D0047,C0450,IP0138,M0014,125.73,2026-01-15T23:44:00,pos,RU,0
T001727,U0225,D0042,C0445,IP0072,M0046,126.02,2026-01-16T21:49:00,web,GB,0
T001728,U0453,D0051,C0292,IP0057,M0025,333.51,2026-01-26T15:29:00,web,IN,0
T001729,U0203,D0108,C0165,IP0170,M0005,129.8,2026-01-21T00:32:00,pos,IN,0
T001730,U0486,D0123,C0432,IP0137,M0016,285.7,2026-01-28T02:34:00,mobile,NG,0
T001731,U0254,D0175,C0410,IP0066,M0042,206.92,2026-02-24T16:54:00,pos,BR,0
T001732,U0473,D0100,C0111,IP0068,M0015,283.84,2026-02-16T08:27:00,web,IN,0
T001733,U0080,D0089,C0243,IP0257,M0002,45.34,2026-01-26T06:07:00,web,BR,0
T001734,U0425,D0088,C0009,IP0220,M0077,52.91,2026-02-26T13:34:00,mobile,CA,0
T001735,U0149,D0073,C0440,IP0249,M0011,114.09,2026-02-26T16:24:00,web,NG,0
T001736,U0079,D0131,C0288,IP0096,M0032,339.02,2026-02-22T03:39:00,web,RU,0
T001737,U0135,D0180,C0440,IP0127,M0086,107.54,2026-01-17T17:27:00,web,CA,0
T001738,U0362,D0027,C0186,IP0258,M0079,149.7,2026-01-04T02:18:00,web,RU,0
T001739,U0303,D0162,C0124,IP0077,M0030,120.5,2026-01-16T03:25:00,web,CA,0
T001740,U0020,D0071,C0437,IP0099,M0019,536.55,2026-01-18T11:36:00,web,NG,0
T001741,U0103,D0024,C0418,IP0027,M0049,259.49,2026-01-12T06:29:00,pos,GB,1
T001742,U0359,D0163,C0345,IP0119,M0029,297.03,2026-02-22T15:28:00,mobile,CA,1
T001743,U0032,D0131,C0053,IP0219,M0083,122.77,2026-03-01T02:48:00,mobile,US,0
T001744,U0138,D0094,C0429,IP0144,M0045,103.9,2026-01-20T03:09:00,web,GB,0
T001745,U0459,D0013,C0001,IP0094,M0006,32.57,2026-02-02T08:47:00,web,BR,0
T001746,U0382,D0083,C0484,IP0109,M0037,117.55,2026-02-18T19:41:00,mobile,NG,1
T001747,U0052,D0111,C0504,IP0095,M0033,573.17,2026-02-08T03:23:00,mobile,GB,0
T001748,U0156,D0029,C0014,IP0050,M0086,745.26,2026-02-27T17:35:00,pos,NG,0
T001749,U0395,D0034,C0371,IP0170,M0047,249.22,2026-01-30T06:35:00,pos,RU,1
T001750,U0302,D0136,C0283,IP0191,M0031,306.91,2026-02-26T19:22:00,web,NG,0
T001751,U0197,D0023,C0645,IP0055,M0017,39.87,2026-01-08T02:02:00,pos,NG,0
T001752,U0062,D0011,C0457,IP0098,M0025,88.06,2026-01-21T11:23:00,web,US,1
T001753,U0483,D0140,C0486,IP0176,M0039,38.59,2026-01-14T21:50:00,web,NG,1
T001754,U0370,D0040,C0197,IP0023,M0017,99.22,2026-01-24T16:47:00,mobile,NG,0
T001755,U0365,D0065,C0460,IP0178,M0047,207.85,2026-02-01T05:56:00,pos,BR,0
T001756,U0061,D0112,C0430,IP0035,M0062,255.6,2026-02-05T22:46:00,pos,NG,0
T001757,U0405,D0006,C0281,IP0086,M0077,14.07,2026-02-11T23:05:00,pos,IN,0
T001758,U0149,D0012,C0195,IP0032,M0089,38.3,2026-02-24T15:40:00,pos,RU,0
T001759,U0204,D0127,C0449,IP0039,M0022,416.88,2026-01-01T13:04:00,pos,CA,0
T001760,U0288,D0100,C0279,IP0206,M0078,70.35,2026-02-11T00:32:00,web,IN,0
T001761,U0002,D0041,C0010,IP0112,M0076,69.46,2026-03-01T02:39:00,pos,CA,0
T001762,U0258,D0135,C0226,IP0133,M0039,135.91,2026-02-14T19:17:00,mobile,BR,0
T001763,U0138,D0142,C0230,IP0061,M0022,584.38,2026-01-20T21:49:00,web,NG,0
T001764,U0122,D0075,C0152,IP0021,M0082,327.26,2026-02-12T21:46:00,mobile,IN,0
T001765,U0139,D0014,C0548,IP0128,M0027,85.96,2026-01-04T17:47:00,web,US,0
T001766,U0333,D0089,C0086,IP0189,M0042,412.18,2026-02-06T10:22:00,pos,NG,0
T001767,U0136,D0035,C0302,IP0210,M0079,706.91,2026-01-26T08:39:00,mobile,US,0
T001768,U0321,D0003,C0287,IP0183,M0029,322.78,2026-01-21T20:38:00,web,GB,0
T001769,U0498,D0005,C0392,IP0055,M0089,134.65,2026-01-01T19:53:00,pos,GB,0
T001770,U0446,D0161,C0226,IP0106,M0057,107.6,2026-02-09T13:02:00,mobile,GB,0
T001771,U0105,D0149,C0457,IP0203,M0020,154.41,2026-01-20T11:58:00,web,BR,0
T001772,U0372,D0073,C0491,IP0197,M0056,24.05,2026-02-20T20:56:00,web,CA,0
T001773,U0093,D0118,C0194,IP0095,M0023,31.12,2026-01-16T20:47:00,pos,CA,0
T001774,U0483,D0047,C0318,IP0145,M0003,52.26,2026-02-04T18:08:00,web,IN,1
T001775,U0419,D0101,C0147,IP0097,M0009,45.36,2026-02-23T07:55:00,web,CA,0
T001776,U0126,D0117,C0540,IP0207,M0013,230.77,2026-02-04T12:30:00,web,BR,0
T001777,U0385,D0004,C0394,IP0052,M0049,53.69,2026-02-08T05:00:00,web,US,0
T001778,U0424,D0004,C0255,IP0023,M0017,100.6,2026-02-13T21:34:00,web,GB,0
T001779,U0074,D0161,C0109,IP0007,M0002,382.55,2026-02-24T04:49:00,pos,BR,0
T001780,U0419,D0087,C0143,IP0044,M0026,172.01,2026-01-14T04:12:00,mobile,RU,0
T001781,U0289,D0114,C0340,IP0084,M0040,71.99,2026-01-18T11:35:00,mobile,IN,0
T001782,U0125,D0015,C0557,IP0137,M0081,47.36,2026-01-17T10:39:00,web,US,1
T001783,U0423,D0012,C0304,IP0053,M0070,1012.69,2026-02-26T17:59:00,web,NG,0
T001784,U0454,D0107,C0230,IP0073,M0001,140.23,2026-02-05T05:22:00,web,IN,0
T001785,U0219,D0099,C0294,IP0076,M0046,167.92,2026-02-10T01:47:00,web,BR,1
T001786,U0197,D0176,C0174,IP0058,M0063,251.57,2026-01-16T12:43:00,web,IN,0
T001787,U0053,D0073,C0631,IP0183,M0010,967.24,2026-01-22T08:54:00,mobile,US,1
T001788,U0185,D0022,C0155,IP0023,M0078,185.2,2026-01-15T10:00:00,web,CA,0
T001789,U0272,D0119,C0436,IP0257,M0056,120.3,2026-02-09T17:25:00,web,BR,1
T001790,U0352,D0078,C0107,IP0147,M0045,34.22,2026-01-14T18:48:00,mobile,CA,0
T001791,U0339,D0095,C0003,IP0136,M0010,359.15,2026-02-13T01:47:00,web,RU,0
T001792,U0336,D0038,C0400,IP0164,M0019,101.37,2026-02-04T12:23:00,mobile,BR,0
T001793,U0408,D0123,C0592,IP0035,M0015,94.72,2026-01-17T01:29:00,mobile,BR,0
T001794,U0143,D0038,C0131,IP0047,M0042,299.68,2026-02-06T09:12:00,web,RU,0
T001795,U0198,D0091,C0435,IP0164,M0064,88.7,2026-01-22T03:04:00,mobile,BR,0
T001796,U0499,D0106,C0252,IP0171,M0018,105.37,2026-02-19T05:51:00,mobile,CA,0
T001797,U0282,D0128,C0550,IP0253,M0069,117.22,2026-01-02T20:31:00,web,CA,0
T001798,U0043,D0149,C0592,IP0216,M0068,115.7,2026-02-28T00:06:00,pos,RU,0
T001799,U0384,D0057,C0371,IP0045,M0031,39.11,2026-03-01T05:08:00,web,IN,0
T001800,U0436,D0005,C0486,IP0186,M0072,93.47,2026-03-01T23:18:00,web,US,0
T001801,U0031,D0090,C0302,IP0185,M0018,99.21,2026-02-20T18:29:00,mobile,IN,0
T001802,U0428,D0142,C0216,IP0216,M0032,299.06,2026-01-07T20:43:00,web,US,0
T001803,U0383,D0036,C0387,IP0061,M0019,502.43,2026-02-02T17:17:00,pos,US,0
T001804,U0357,D0109,C0109,IP0191,M0007,110.95,2026-01-07T12:22:00,pos,NG,1
T001805,U0038,D0123,C0151,IP0081,M0004,615.19,2026-02-13T09:03:00,mobile,IN,0
T001806,U0041,D0063,C0583,IP0040,M0002,270.54,2026-01-08T12:33:00,mobile,IN,0
T001807,U0392,D0170,C0144,IP0170,M0008,118.9,2026-01-01T20:11:00,pos,NG,0
T001808,U0358,D0077,C0346,IP0241,M0053,83.48,2026-01-26T16:11:00,mobile,RU,0
T001809,U0331,D0178,C0114,IP0007,M0037,92.18,2026-02-06T12:33:00,web,US,0
T001810,U0452,D0165,C0178,IP0017,M0078,238.11,2026-01-04T15:04:00,pos,IN,1
T001811,U0006,D0102,C0466,IP0217,M0088,521.79,2026-01-20T14:13:00,pos,BR,1
T001812,U0425,D0067,C0233,IP0257,M0040,44.54,2026-02-17T15:11:00,mobile,IN,0
T001813,U0140,D0024,C0217,IP0194,M0017,115.85,2026-01-06T14:30:00,mobile,NG,1
T001814,U0029,D0057,C0573,IP0201,M0024,97.96,2026-01-06T23:56:00,pos,RU,0
T001815,U0040,D0178,C0321,IP0240,M0062,681.23,2026-02-07T18:54:00,pos,BR,0
T001816,U0208,D0098,C0381,IP0085,M0007,118.12,2026-02-10T04:00:00,pos,CA,0
T001817,U0100,D0070,C0080,IP0056,M0014,333.79,2026-01-16T00:40:00,mobile,NG,0
T001818,U0399,D0086,C0289,IP0015,M0031,136.73,2026-01-26T10:53:00,web,NG,0
T001819,U0055,D0017,C0012,IP0109,M0077,190.8,2026-02-27T03:37:00,mobile,IN,0
T001820,U0283,D0052,C0276,IP0017,M0031,1998.37,2026-01-29T14:52:00,web,NG,0
T001821,U0290,D0012,C0050,IP0248,M0006,321.74,2026-02-08T11:55:00,mobile,US,0
T001822,U0484,D0080,C0290,IP0005,M0046,180.91,2026-02-10T23:35:00,mobile,NG,0
T001823,U0100,D0081,C0133,IP0201,M0046,183.73,2026-01-09T12:23:00,pos,BR,0
T001824,U0050,D0085,C0104,IP0209,M0065,38.58,2026-02-23T06:18:00,pos,RU,0
T001825,U0397,D0039,C0392,IP0013,M0076,151.25,2026-01-22T05:14:00,mobile,NG,0
T001826,U0445,D0010,C0156,IP0149,M0021,223.27,2026-02-03T11:27:00,pos,CA,0
T001827,U0041,D0161,C0221,IP0048,M0030,304.73,2026-01-02T12:23:00,pos,BR,0
T001828,U0073,D0042,C0624,IP0257,M0067,90.88,2026-01-17T18:23:00,pos,NG,1
T001829,U0477,D0088,C0348,IP0230,M0017,584.87,2026-01-29T19:28:00,mobile,GB,0
T001830,U0320,D0111,C0397,IP0021,M0088,38.81,2026-02-28T18:05:00,web,IN,0
T001831,U0313,D0156,C0581,IP0039,M0020,25.57,2026-01-26T18:40:00,pos,CA,0
T001832,U0050,D0004,C0561,IP0074,M0040,78.77,2026-01-10T10:34:00,web,CA,0
T001833,U0049,D0117,C0303,IP0161,M0022,657.2,2026-02-07T12:32:00,web,US,0
T001834,U0144,D0148,C0092,IP0187,M0046,41.04,2026-02-14T09:26:00,web,IN,0
T001835,U0364,D0118,C0263,IP0133,M0061,62.95,2026-01-05T05:45:00,mobile,BR,0
T001836,U0474,D0036,C0500,IP0064,M0073,77.23,2026-01-08T18:12:00,web,GB,0
T001837,U0440,D0074,C0635,IP0206,M0053,21.32,2026-02-09T22:05:00,pos,IN,0
T001838,U0226,D0094,C0086,IP0161,M0048,219.43,2026-02-18T08:52:00,pos,CA,0
T001839,U0260,D0116,C0044,IP0135,M0088,83.82,2026-02-24T23:47:00,pos,BR,0
T001840,U0030,D0063,C0108,IP0005,M0020,537.8,2026-02-05T19:26:00,mobile,CA,0
T001841,U0082,D0146,C0229,IP0205,M0010,112.6,2026-02-27T13:59:00,mobile,RU,0
T001842,U0237,D0172,C0478,IP0048,M0045,198.27,2026-01-06T16:36:00,mobile,BR,0
T001843,U0274,D0073,C0185,IP0012,M0070,184.13,2026-01-02T17:00:00,pos,US,1
T001844,U0470,D0102,C0412,IP0222,M0026,161.61,2026-02-16T15:26:00,mobile,US,0
T001845,U0163,D0088,C0488,IP0249,M0028,178.25,2026-02-23T20:12:00,web,GB,0
T001846,U0233,D0010,C0150,IP0080,M0061,65.98,2026-01-15T14:25:00,pos,IN,0
T001847,U0164,D0146,C0390,IP0017,M0077,105.26,2026-01-02T10:39:00,web,RU,0
T001848,U0186,D0111,C0056,IP0243,M0028,89.51,2026-02-19T22:10:00,web,RU,0
T001849,U0012,D0176,C0259,IP0217,M0035,249.59,2026-02-24T17:25:00,pos,IN,0
T001850,U0043,D0037,C0415,IP0036,M0036,226.7,2026-02-28T15:02:00,web,GB,0
T001851,U0448,D0116,C0220,IP0215,M0068,41.19,2026-01-17T16:33:00,pos,GB,0
T001852,U0095,D0014,C0351,IP0048,M0055,217.62,2026-01-23T20:09:00,mobile,IN,0
T001853,U0102,D0090,C0487,IP0215,M0062,366.57,2026-02-08T10:48:00,pos,BR,0
T001854,U0402,D0042,C0585,IP0224,M0046,502.15,2026-02-13T03:43:00,mobile,RU,0
T001855,U0006,D0144,C0593,IP0102,M0010,108.37,2026-01-12T21:42:00,pos,IN,0
T001856,U0166,D0171,C0155,IP0163,M0002,63.16,2026-02-03T07:57:00,mobile,IN,0
T001857,U0256,D0082,C0417,IP0059,M0087,77.19,2026-01-18T17:29:00,mobile,NG,0
T001858,U0370,D0001,C0461,IP0231,M0017,88.09,2026-01-30T14:01:00,pos,NG,0
T001859,U0050,D0010,C0431,IP0112,M0025,245.08,2026-02-21T05:36:00,pos,NG,0
T001860,U0397,D0043,C0357,IP0194,M0028,42.78,2026-02-17T06:49:00,web,IN,0
T001861,U0498,D0174,C0373,IP0008,M0048,55.35,2026-02-16T06:10:00,web,GB,0
T001862,U0460,D0079,C0512,IP0258,M0016,275.73,2026-02-08T01:13:00,pos,CA,0
T001863,U0212,D0106,C0556,IP0181,M0046,40.7,2026-01-28T18:46:00,mobile,NG,0
T001864,U0499,D0086,C0470,IP0059,M0023,97.95,2026-01-03T00:05:00,mobile,GB,0
T001865,U0091,D0142,C0447,IP0084,M0070,868.59,2026-02-15T00:57:00,mobile,GB,1
T001866,U0433,D0169,C0291,IP0224,M0082,59.21,2026-01-30T15:14:00,pos,NG,1
T001867,U0481,D0026,C0092,IP0045,M0014,273.63,2026-01-15T02:04:00,pos,US,0
T001868,U0316,D0106,C0639,IP0054,M0064,203.32,2026-02-08T04:05:00,pos,US,0
T001869,U0325,D0114,C0034,IP0258,M0075,891.36,2026-01-16T08:05:00,pos,GB,0
T001870,U0437,D0108,C0466,IP0109,M0029,210.21,2026-02-06T01:45:00,pos,CA,0
T001871,U0059,D0051,C0360,IP0241,M0016,26.62,2026-02-04T14:36:00,mobile,CA,0
T001872,U0465,D0166,C0384,IP0203,M0001,21.72,2026-02-12T13:17:00,web,NG,1
T001873,U0146,D0069,C0425,IP0136,M0040,540.94,2026-01-14T05:22:00,pos,IN,0
T001874,U0003,D0107,C0027,IP0017,M0002,35.45,2026-01-07T17:46:00,web,RU,0
T001875,U0192,D0133,C0175,IP0163,M0043,40.97,2026-01-18T00:30:00,pos,CA,0
T001876,U0124,D0143,C0632,IP0201,M0025,314.09,2026-02-01T01:21:00,pos,CA,0
T001877,U0425,D0014,C0400,IP0220,M0017,32.3,2026-01-08T10:40:00,pos,IN,0
T001878,U0207,D0082,C0237,IP0082,M0056,74.43,2026-01-22T00:12:00,web,BR,0
T001879,U0411,D0033,C0647,IP0259,M0016,544.48,2026-02-28T00:44:00,pos,RU,0
T001880,U0201,D0161,C0163,IP0134,M0071,55.59,2026-01-04T18:33:00,mobile,IN,0
T001881,U0048,D0024,C0012,IP0014,M0056,78.45,2026-02-12T05:21:00,pos,RU,0
T001882,U0304,D0040,C0557,IP0015,M0080,553.37,2026-01-16T20:37:00,web,NG,1
T001883,U0196,D0007,C0647,IP0067,M0059,30.06,2026-01-14T08:25:00,mobile,IN,0
T001884,U0123,D0168,C0199,IP0114,M0039,98.14,2026-01-10T06:21:00,pos,RU,0
T001885,U0126,D0097,C0053,IP0134,M0085,304.34,2026-02-16T18:56:00,mobile,US,0
T001886,U0479,D0037,C0594,IP0012,M0082,220.47,2026-02-01T15:01:00,web,US,0
T001887,U0236,D0153,C0146,IP0063,M0014,332.97,2026-02-18T11:37:00,mobile,GB,0
T001888,U0459,D0047,C0507,IP0048,M0010,530.18,2026-03-01T05:46:00,mobile,RU,0
T001889,U0107,D0101,C0023,IP0052,M0063,205.42,2026-01-03T18:47:00,mobile,US,0
T001890,U0250,D0161,C0430,IP0040,M0027,119.65,2026-02-09T05:00:00,mobile,GB,0
T001891,U0325,D0116,C0306,IP0083,M0024,105.22,2026-02-03T00:31:00,web,IN,0
T001892,U0338,D0146,C0352,IP0017,M0016,198.13,2026-01-21T00:44:00,mobile,CA,0
T001893,U0315,D0179,C0163,IP0257,M0034,570.56,2026-02-27T11:07:00,pos,BR,1
T001894,U0131,D0032,C0031,IP0099,M0078,484.12,2026-02-04T10:25:00,pos,US,0
T001895,U0266,D0132,C0374,IP0079,M0028,790.16,2026-02-22T11:10:00,web,IN,0
T001896,U0016,D0119,C0086,IP0087,M0089,963.99,2026-01-17T05:59:00,pos,BR,1
T001897,U0482,D0033,C0494,IP0138,M0036,37.8,2026-02-25T06:53:00,web,US,0
T001898,U0179,D0142,C0508,IP0151,M0060,35.36,2026-02-12T20:35:00,mobile,NG,1
T001899,U0485,D0103,C0178,IP0099,M0033,117.73,2026-01-26T17:00:00,web,BR,0
T001900,U0434,D0072,C0598,IP0202,M0014,40.24,2026-02-13T00:22:00,pos,GB,0
T001901,U0085,D0053,C0457,IP0250,M0056,28.37,2026-01-21T01:11:00,mobile,NG,0
T001902,U0383,D0070,C0111,IP0164,M0080,173.42,2026-01-11T13:01:00,pos,CA,0
T001903,U0220,D0052,C0648,IP0181,M0048,73.6,2026-02-01T10:20:00,web,CA,0
T001904,U0086,D0009,C0420,IP0130,M0076,25.39,2026-02-05T20:35:00,mobile,NG,0
T001905,U0424,D0166,C0031,IP0181,M0051,347.42,2026-02-19T08:10:00,web,IN,0
T001906,U0415,D0083,C0367,IP0220,M0024,77.29,2026-01-02T15:04:00,web,US,0
T001907,U0111,D0169,C0149,IP0191,M0048,264.52,2026-02-04T06:50:00,mobile,US,0
T001908,U0005,D0082,C0219,IP0006,M0043,127.74,2026-01-17T11:09:00,mobile,NG,0
T001909,U0408,D0083,C0068,IP0120,M0072,127.0,2026-02-04T05:20:00,mobile,GB,0
T001910,U0309,D0055,C0575,IP0112,M0014,65.6,2026-01-04T11:10:00,mobile,BR,0
T001911,U0312,D0172,C0432,IP0039,M0074,1268.68,2026-02-22T00:52:00,pos,RU,0
T001912,U0223,D0082,C0202,IP0164,M0026,16.79,2026-02-14T02:19:00,web,RU,0
T001913,U0253,D0128,C0432,IP0024,M0036,30.61,2026-01-12T08:43:00,web,US,0
T001914,U0232,D0044,C0393,IP0168,M0076,38.93,2026-02-01T17:08:00,web,NG,1
T001915,U0011,D0073,C0590,IP0010,M0083,172.0,2026-02-02T06:41:00,web,CA,1
T001916,U0146,D0034,C0547,IP0207,M0005,716.36,2026-01-05T10:00:00,pos,US,0
T001917,U0173,D0015,C0098,IP0012,M0080,87.55,2026-02-01T09:46:00,mobile,BR,0
T001918,U0155,D0071,C0410,IP0163,M0045,5.68,2026-01-02T14:47:00,web,NG,0
T001919,U0397,D0081,C0049,IP0253,M0079,802.19,2026-01-05T19:04:00,mobile,GB,0
T001920,U0357,D0117,C0125,IP0253,M0083,122.91,2026-01-16T01:31:00,mobile,NG,0
T001921,U0053,D0008,C0011,IP0115,M0007,1140.82,2026-02-01T21:46:00,web,US,1
T001922,U0166,D0177,C0175,IP0224,M0029,570.45,2026-01-10T23:11:00,web,IN,0
T001923,U0371,D0095,C0054,IP0003,M0089,196.6,2026-01-02T03:36:00,mobile,RU,0
T001924,U0023,D0029,C0077,IP0025,M0039,360.35,2026-01-12T20:15:00,mobile,GB,0
T001925,U0353,D0157,C0175,IP0195,M0035,99.37,2026-01-30T02:36:00,web,NG,0
T001926,U0236,D0031,C0152,IP0065,M0041,50.61,2026-01-18T12:01:00,pos,RU,0
T001927,U0495,D0106,C0126,IP0229,M0086,137.17,2026-01-19T23:46:00,pos,NG,0
T001928,U0124,D0148,C0502,IP0245,M0085,83.23,2026-02-21T09:41:00,mobile,GB,0
T001929,U0396,D0124,C0271,IP0116,M0012,107.13,2026-01-09T14:46:00,mobile,BR,0
T001930,U0043,D0091,C0211,IP0125,M0085,42.47,2026-01-04T17:02:00,pos,US,0
T001931,U0039,D0127,C0014,IP0031,M0028,110.79,2026-02-16T22:41:00,pos,IN,0
T001932,U0240,D0073,C0108,IP0087,M0080,28.22,2026-01-14T00:32:00,mobile,IN,1
T001933,U0417,D0152,C0465,IP0161,M0040,58.37,2026-02-15T13:09:00,pos,IN,0
T001934,U0435,D0130,C0225,IP0055,M0017,43.55,2026-02-18T13:01:00,mobile,CA,0
T001935,U0500,D0116,C0193,IP0104,M0052,1246.14,2026-01-13T18:37:00,web,GB,0
T001936,U0217,D0170,C0592,IP0238,M0037,23.82,2026-01-17T07:03:00,pos,US,1
T001937,U0076,D0119,C0247,IP0055,M0015,80.07,2026-01-03T02:51:00,web,CA,0
T001938,U0096,D0069,C0544,IP0015,M0061,29.29,2026-01-16T19:25:00,mobile,GB,0
T001939,U0136,D0031,C0442,IP0044,M0046,117.9,2026-02-19T17:26:00,web,IN,0
T001940,U0204,D0129,C0342,IP0221,M0066,57.0,2026-02-04T07:32:00,web,CA,0
T001941,U0140,D0095,C0392,IP0051,M0007,273.97,2026-01-27T09:26:00,pos,CA,0
T001942,U0100,D0076,C0181,IP0097,M0052,78.43,2026-01-09T20:09:00,pos,GB,0
T001943,U0272,D0156,C0444,IP0253,M0067,110.95,2026-01-27T13:25:00,web,BR,0
T001944,U0026,D0166,C0225,IP0128,M0015,174.13,2026-02-11T09:38:00,web,US,0
T001945,U0459,D0010,C0068,IP0137,M0031,858.76,2026-01-14T01:24:00,pos,US,0
T001946,U0142,D0058,C0403,IP0208,M0051,671.76,2026-01-18T10:48:00,web,IN,0
T001947,U0376,D0178,C0211,IP0138,M0064,246.26,2026-01-26T21:36:00,web,RU,0
T001948,U0105,D0089,C0295,IP0148,M0077,226.16,2026-02-09T22:26:00,pos,US,0
T001949,U0049,D0048,C0489,IP0258,M0080,11.53,2026-01-17T04:08:00,pos,GB,0
T001950,U0437,D0177,C0323,IP0123,M0022,522.06,2026-02-12T16:22:00,pos,US,1
T001951,U0086,D0048,C0146,IP0171,M0059,35.1,2026-02-03T18:49:00,web,BR,0
T001952,U0243,D0110,C0182,IP0172,M0003,505.26,2026-02-13T10:31:00,mobile,US,0
T001953,U0088,D0174,C0361,IP0005,M0077,515.04,2026-01-02T17:54:00,mobile,NG,0
T001954,U0001,D0126,C0113,IP0127,M0061,870.64,2026-03-01T22:56:00,web,RU,0
T001955,U0009,D0146,C0538,IP0149,M0030,69.44,2026-01-08T12:06:00,pos,IN,0
T001956,U0387,D0038,C0312,IP0049,M0013,181.91,2026-01-10T22:15:00,pos,GB,0
T001957,U0232,D0126,C0264,IP0180,M0070,62.62,2026-01-21T10:30:00,pos,CA,0
T001958,U0130,D0119,C0362,IP0170,M0034,125.74,2026-02-13T01:49:00,mobile,BR,1
T001959,U0171,D0133,C0277,IP0248,M0015,89.11,2026-02-20T04:43:00,pos,NG,1
T001960,U0373,D0164,C0421,IP0011,M0019,28.2,2026-01-22T12:05:00,web,BR,0
T001961,U0073,D0092,C0251,IP0255,M0004,98.71,2026-02-20T09:56:00,pos,BR,0
T001962,U0357,D0111,C0092,IP0185,M0027,25.04,2026-01-27T04:26:00,web,CA,0
T001963,U0328,D0028,C0558,IP0141,M0081,28.37,2026-01-19T03:53:00,mobile,NG,0
T001964,U0090,D0068,C0401,IP0179,M0043,141.44,2026-01-10T18:39:00,pos,CA,0
T001965,U0484,D0071,C0043,IP0159,M0025,197.99,2026-01-19T09:32:00,pos,NG,0
T001966,U0360,D0088,C0466,IP0063,M0056,409.41,2026-02-27T08:37:00,pos,RU,0
T001967,U0406,D0089,C0009,IP0148,M0015,27.08,2026-02-22T17:45:00,mobile,BR,0
T001968,U0076,D0120,C0297,IP0077,M0067,147.97,2026-01-01T08:07:00,pos,NG,1
T001969,U0341,D0042,C0296,IP0156,M0063,101.45,2026-01-22T06:57:00,web,RU,0
T001970,U0151,D0004,C0223,IP0233,M0006,36.12,2026-02-07T09:38:00,mobile,RU,1
T001971,U0304,D0032,C0314,IP0028,M0063,364.36,2026-02-23T20:35:00,web,CA,1
T001972,U0181,D0170,C0258,IP0001,M0007,14.12,2026-02-12T22:27:00,web,GB,0
T001973,U0450,D0073,C0575,IP0258,M0086,139.92,2026-01-31T16:16:00,web,US,1
T001974,U0366,D0070,C0443,IP0074,M0026,329.44,2026-02-09T13:22:00,pos,US,0
T001975,U0149,D0057,C0364,IP0017,M0061,204.86,2026-01-06T17:49:00,web,RU,0
T001976,U0348,D0164,C0409,IP0198,M0055,1654.25,2026-01-14T07:46:00,web,GB,0
T001977,U0472,D0078,C0578,IP0160,M0023,124.81,2026-02-19T09:12:00,mobile,BR,0
T001978,U0449,D0083,C0205,IP0072,M0088,94.33,2026-01-29T22:09:00,mobile,IN,0
T001979,U0214,D0142,C0313,IP0103,M0039,309.8,2026-02-12T01:31:00,web,GB,0
T001980,U0291,D0161,C0188,IP0237,M0070,151.96,2026-03-01T05:33:00,mobile,RU,0
T001981,U0449,D0112,C0540,IP0050,M0018,127.59,2026-01-18T13:13:00,mobile,BR,0
T001982,U0161,D0129,C0363,IP0184,M0060,87.02,2026-02-21T04:54:00,mobile,CA,0
T001983,U0216,D0106,C0573,IP0237,M0004,414.66,2026-01-22T03:17:00,web,RU,0
T001984,U0216,D0023,C0310,IP0072,M0079,289.47,2026-01-04T01:22:00,web,NG,0
T001985,U0263,D0096,C0557,IP0066,M0080,64.38,2026-02-28T04:03:00,pos,GB,0
T001986,U0028,D0101,C0007,IP0065,M0052,22.54,2026-01-20T05:20:00,mobile,RU,0
T001987,U0391,D0133,C0087,IP0236,M0007,169.08,2026-02-23T22:43:00,web,GB,0
T001988,U0425,D0167,C0609,IP0055,M0043,102.44,2026-01-15T08:46:00,web,RU,0
T001989,U0149,D0145,C0340,IP0247,M0089,32.15,2026-01-10T14:30:00,web,US,1
T001990,U0380,D0150,C0529,IP0028,M0027,105.91,2026-02-13T02:52:00,web,NG,0
T001991,U0380,D0127,C0159,IP0070,M0029,217.53,2026-02-26T08:47:00,mobile,BR,1
T001992,U0160,D0002,C0206,IP0249,M0080,390.25,2026-01-08T00:04:00,web,US,0
T001993,U0001,D0040,C0100,IP0062,M0067,108.34,2026-02-02T04:54:00,web,IN,0
T001994,U0054,D0122,C0455,IP0013,M0065,29.68,2026-02-08T18:29:00,mobile,US,0
T001995,U0475,D0032,C0496,IP0154,M0052,23.43,2026-02-15T01:51:00,web,RU,0
T001996,U0121,D0140,C0450,IP0134,M0079,82.14,2026-02-09T13:57:00,pos,NG,1
T001997,U0064,D0111,C0023,IP0075,M0082,70.94,2026-02-16T07:43:00,web,IN,0
T001998,U0420,D0169,C0524,IP0124,M0022,79.57,2026-01-08T14:01:00,pos,BR,0
T001999,U0280,D0170,C0297,IP0170,M0080,69.55,2026-02-20T00:27:00,mobile,BR,1
T002000,U0052,D0151,C0282,IP0253,M0048,282.22,2026-02-22T03:53:00,mobile,CA,1
T002001,U0358,D0028,C0436,IP0238,M0054,98.4,2026-02-28T01:27:00,web,US,1
T002002,U0146,D0118,C0399,IP0062,M0073,321.5,2026-02-25T19:32:00,web,NG,1
T002003,U0156,D0009,C0364,IP0228,M0006,223.93,2026-02-05T03:38:00,web,CA,0
T002004,U0452,D0118,C0163,IP0142,M0002,284.43,2026-01-13T16:37:00,mobile,NG,0
T002005,U0439,D0129,C0538,IP0108,M0045,139.38,2026-02-28T02:26:00,mobile,NG,0
T002006,U0033,D0045,C0577,IP0078,M0046,80.15,2026-01-30T07:04:00,mobile,CA,0
T002007,U0367,D0170,C0311,IP0197,M0069,235.83,2026-02-13T15:09:00,mobile,US,1
T002008,U0470,D0166,C0484,IP0248,M0049,105.44,2026-02-02T05:01:00,pos,BR,1
T002009,U0093,D0148,C0332,IP0133,M0017,74.56,2026-02-04T10:13:00,pos,NG,0
T002010,U0179,D0150,C0047,IP0207,M0009,109.13,2026-02-27T04:14:00,web,RU,1
T002011,U0376,D0041,C0109,IP0119,M0013,100.46,2026-01-20T23:22:00,mobile,BR,0
T002012,U0244,D0083,C0108,IP0119,M0031,149.04,2026-02-09T08:29:00,web,BR,1
T002013,U0457,D0099,C0064,IP0216,M0009,247.18,2026-02-27T08:02:00,pos,GB,0
T002014,U0059,D0010,C0384,IP0038,M0057,41.59,2026-01-11T03:59:00,pos,BR,0
T002015,U0431,D0008,C0111,IP0090,M0042,60.41,2026-01-05T06:09:00,pos,CA,0
T002016,U0194,D0035,C0259,IP0103,M0026,44.17,2026-02-19T08:49:00,mobile,CA,1
T002017,U0348,D0074,C0166,IP0116,M0026,254.41,2026-02-02T15:05:00,mobile,RU,0
T002018,U0271,D0050,C0025,IP0045,M0075,53.79,2026-01-22T09:04:00,pos,BR,0
T002019,U0050,D0053,C0006,IP0018,M0018,60.75,2026-02-16T13:39:00,mobile,RU,0
T002020,U0209,D0146,C0190,IP0037,M0044,145.13,2026-01-08T17:05:00,pos,BR,0
T002021,U0491,D0165,C0213,IP0255,M0025,25.44,2026-02-27T09:09:00,pos,RU,0
T002022,U0243,D0129,C0634,IP0181,M0046,232.93,2026-02-23T21:27:00,pos,RU,0
T002023,U0071,D0018,C0641,IP0225,M0055,101.2,2026-01-14T06:54:00,mobile,RU,0
T002024,U0037,D0146,C0530,IP0041,M0017,208.4,2026-02-02T12:35:00,mobile,US,0
T002025,U0061,D0128,C0616,IP0119,M0007,86.62,2026-01-18T17:39:00,pos,GB,0
T002026,U0012,D0058,C0400,IP0149,M0033,177.85,2026-02-14T05:39:00,pos,GB,0
T002027,U0035,D0041,C0548,IP0148,M0010,126.64,2026-02-12T10:18:00,pos,IN,0
T002028,U0437,D0133,C0409,IP0257,M0040,47.36,2026-01-28T16:31:00,pos,US,0
T002029,U0280,D0179,C0483,IP0057,M0075,193.77,2026-02-11T11:21:00,mobile,BR,0
T002030,U0016,D0009,C0268,IP0174,M0054,46.11,2026-03-01T13:25:00,web,GB,0
T002031,U0455,D0016,C0561,IP0072,M0027,109.81,2026-02-22T18:50:00,pos,GB,0
T002032,U0474,D0170,C0506,IP0032,M0031,59.18,2026-01-01T13:54:00,web,RU,0
T002033,U0486,D0145,C0073,IP0019,M0045,130.68,2026-02-14T00:37:00,mobile,NG,1
T002034,U0379,D0157,C0491,IP0042,M0071,211.68,2026-02-19T03:16:00,web,GB,0
T002035,U0371,D0011,C0509,IP0054,M0005,224.97,2026-02-02T04:41:00,pos,IN,0
T002036,U0333,D0090,C0311,IP0221,M0062,237.97,2026-01-15T09:29:00,web,US,0
T002037,U0477,D0015,C0548,IP0014,M0026,43.96,2026-02-07T11:46:00,pos,RU,0
T002038,U0195,D0175,C0494,IP0010,M0071,57.96,2026-02-18T10:04:00,web,CA,1
T002039,U0393,D0097,C0438,IP0065,M0056,77.68,2026-02-04T10:10:00,pos,IN,1
T002040,U0060,D0113,C0377,IP0061,M0079,209.35,2026-02-27T04:00:00,mobile,IN,0
T002041,U0176,D0112,C0238,IP0030,M0031,66.28,2026-03-01T07:16:00,web,NG,0
T002042,U0006,D0059,C0582,IP0212,M0069,100.16,2026-02-18T20:07:00,web,RU,0
T002043,U0008,D0064,C0059,IP0030,M0010,159.22,2026-01-22T07:46:00,web,CA,0
T002044,U0093,D0073,C0359,IP0023,M0041,130.49,2026-01-26T11:21:00,pos,BR,0
T002045,U0456,D0063,C0621,IP0150,M0017,69.74,2026-01-24T18:56:00,mobile,CA,0
T002046,U0337,D0032,C0257,IP0040,M0010,168.0,2026-01-16T20:37:00,pos,IN,0
T002047,U0254,D0092,C0310,IP0113,M0057,140.37,2026-01-06T09:01:00,mobile,RU,0
T002048,U0283,D0075,C0274,IP0126,M0068,619.68,2026-01-07T11:42:00,mobile,BR,0
T002049,U0278,D0129,C0355,IP0054,M0007,74.95,2026-01-05T12:05:00,mobile,BR,1
T002050,U0487,D0160,C0081,IP0249,M0036,47.61,2026-01-31T02:13:00,web,IN,0
T002051,U0431,D0134,C0567,IP0119,M0040,39.33,2026-02-10T11:52:00,web,US,0
T002052,U0191,D0037,C0451,IP0019,M0031,486.74,2026-02-20T21:31:00,pos,RU,1
T002053,U0233,D0030,C0035,IP0011,M0064,43.07,2026-01-29T16:13:00,mobile,GB,0
T002054,U0302,D0099,C0062,IP0154,M0011,84.34,2026-02-12T23:31:00,mobile,RU,1
T002055,U0313,D0099,C0392,IP0254,M0003,462.22,2026-02-02T11:13:00,mobile,CA,0
T002056,U0023,D0058,C0189,IP0106,M0049,43.25,2026-01-22T02:35:00,pos,CA,0
T002057,U0273,D0014,C0555,IP0157,M0005,99.82,2026-02-12T22:27:00,mobile,US,0
T002058,U0466,D0156,C0606,IP0173,M0034,440.0,2026-01-23T23:25:00,web,RU,1
T002059,U0015,D0088,C0059,IP0223,M0055,226.04,2026-02-13T20:40:00,web,NG,0
T002060,U0199,D0174,C0475,IP0148,M0069,128.65,2026-02-27T16:36:00,mobile,NG,0
T002061,U0369,D0146,C0391,IP0134,M0021,140.82,2026-01-13T16:35:00,mobile,BR,0
T002062,U0474,D0061,C0288,IP0068,M0002,69.15,2026-02-08T21:42:00,pos,GB,0
T002063,U0044,D0064,C0585,IP0152,M0044,418.0,2026-02-10T12:58:00,mobile,US,0
T002064,U0316,D0071,C0257,IP0186,M0035,193.03,2026-01-01T10:19:00,pos,RU,0
T002065,U0396,D0156,C0315,IP0007,M0016,241.5,2026-01-02T10:32:00,pos,BR,0
T002066,U0165,D0068,C0474,IP0092,M0057,98.99,2026-01-18T22:45:00,web,CA,0
T002067,U0005,D0120,C0492,IP0019,M0046,18.69,2026-01-04T04:31:00,pos,RU,0
T002068,U0285,D0056,C0594,IP0210,M0008,54.98,2026-01-27T09:35:00,web,GB,0
T002069,U0460,D0157,C0452,IP0161,M0009,361.61,2026-01-07T20:07:00,web,GB,1
T002070,U0393,D0071,C0131,IP0133,M0064,29.9,2026-02-09T00:11:00,web,BR,0
T002071,U0090,D0038,C0118,IP0026,M0030,109.06,2026-02-09T07:31:00,pos,US,0
T002072,U0095,D0176,C0325,IP0226,M0075,123.31,2026-01-02T16:23:00,web,NG,0
T002073,U0368,D0059,C0264,IP0032,M0034,56.59,2026-02-27T20:03:00,web,BR,0
T002074,U0433,D0091,C0241,IP0023,M0077,27.62,2026-01-23T15:26:00,mobile,US,0
T002075,U0040,D0130,C0524,IP0228,M0015,92.47,2026-02-25T08:17:00,web,IN,0
T002076,U0105,D0084,C0426,IP0191,M0088,154.61,2026-02-19T06:30:00,web,BR,0
T002077,U0219,D0073,C0335,IP0074,M0004,75.89,2026-01-25T04:05:00,pos,RU,0
T002078,U0185,D0086,C0384,IP0209,M0084,96.73,2026-02-05T23:59:00,mobile,GB,0
T002079,U0319,D0008,C0046,IP0083,M0048,34.34,2026-02-11T08:47:00,mobile,IN,0
T002080,U0467,D0152,C0624,IP0014,M0014,148.47,2026-02-16T17:11:00,web,RU,0
T002081,U0161,D0131,C0388,IP0177,M0028,198.86,2026-01-23T22:17:00,pos,US,0
T002082,U0337,D0039,C0081,IP0196,M0084,59.18,2026-01-25T21:58:00,web,IN,0
T002083,U0290,D0129,C0125,IP0215,M0069,257.95,2026-02-02T21:30:00,pos,RU,1
T002084,U0027,D0156,C0538,IP0242,M0085,135.83,2026-01-20T04:38:00,pos,CA,1
T002085,U0163,D0069,C0301,IP0100,M0074,51.34,2026-02-02T05:26:00,web,GB,0
T002086,U0125,D0093,C0323,IP0119,M0059,108.91,2026-02-24T02:43:00,pos,US,0
T002087,U0355,D0062,C0371,IP0228,M0053,423.02,2026-01-22T15:50:00,web,GB,0
T002088,U0287,D0130,C0496,IP0040,M0047,40.21,2026-01-07T23:30:00,pos,IN,0
T002089,U0230,D0108,C0129,IP0118,M0073,87.65,2026-02-13T09:07:00,pos,IN,0
T002090,U0398,D0105,C0267,IP0071,M0078,63.85,2026-02-24T21:34:00,mobile,GB,0
T002091,U0161,D0031,C0432,IP0042,M0053,104.14,2026-02-28T16:27:00,pos,IN,0
T002092,U0295,D0127,C0465,IP0102,M0024,24.68,2026-01-20T00:40:00,web,IN,1
T002093,U0062,D0108,C0482,IP0135,M0071,281.38,2026-01-13T09:48:00,pos,US,0
T002094,U0065,D0009,C0171,IP0221,M0004,177.05,2026-02-15T16:56:00,web,IN,0
T002095,U0264,D0136,C0363,IP0199,M0055,413.39,2026-02-24T06:33:00,web,CA,0
T002096,U0357,D0143,C0122,IP0124,M0038,11.32,2026-02-09T05:51:00,mobile,RU,0
T002097,U0460,D0087,C0076,IP0056,M0006,107.22,2026-02-08T05:19:00,pos,GB,0
T002098,U0487,D0115,C0461,IP0210,M0081,170.42,2026-01-31T16:51:00,pos,RU,0
T002099,U0224,D0075,C0188,IP0245,M0018,98.47,2026-01-17T04:12:00,pos,RU,0
T002100,U0302,D0131,C0008,IP0043,M0020,34.41,2026-01-16T22:07:00,pos,NG,0
T002101,U0190,D0173,C0329,IP0233,M0049,549.32,2026-02-01T12:09:00,mobile,IN,0
T002102,U0261,D0151,C0238,IP0144,M0013,20.28,2026-02-21T01:03:00,mobile,CA,0
T002103,U0175,D0013,C0331,IP0219,M0037,69.77,2026-01-03T16:47:00,mobile,GB,0
T002104,U0388,D0046,C0216,IP0074,M0006,58.76,2026-01-02T21:40:00,mobile,NG,0
T002105,U0143,D0148,C0356,IP0161,M0013,57.47,2026-02-10T05:59:00,mobile,IN,0
T002106,U0061,D0074,C0450,IP0141,M0063,164.18,2026-02-19T19:33:00,web,IN,0
T002107,U0148,D0067,C0286,IP0055,M0030,106.36,2026-01-02T21:30:00,web,US,0
T002108,U0106,D0142,C0613,IP0087,M0004,27.03,2026-01-26T15:29:00,web,NG,0
T002109,U0276,D0170,C0027,IP0012,M0080,195.49,2026-02-13T16:55:00,mobile,IN,1
T002110,U0145,D0147,C0534,IP0219,M0057,185.1,2026-01-26T13:25:00,web,RU,0
T002111,U0233,D0076,C0456,IP0057,M0016,88.5,2026-01-28T10:07:00,mobile,CA,0
T002112,U0135,D0023,C0120,IP0071,M0036,185.2,2026-01-27T06:25:00,mobile,RU,0
T002113,U0041,D0057,C0161,IP0039,M0042,168.18,2026-02-24T02:30:00,pos,GB,0
T002114,U0142,D0117,C0323,IP0038,M0089,81.79,2026-01-08T01:44:00,web,CA,0
T002115,U0052,D0134,C0572,IP0163,M0025,30.17,2026-02-07T04:54:00,pos,RU,0
T002116,U0450,D0161,C0643,IP0019,M0082,259.21,2026-01-15T10:55:00,web,IN,1
T002117,U0071,D0151,C0201,IP0193,M0029,241.05,2026-02-02T15:17:00,mobile,CA,0
T002118,U0078,D0125,C0290,IP0096,M0064,142.98,2026-01-31T11:04:00,web,IN,0
T002119,U0326,D0023,C0445,IP0110,M0001,75.35,2026-02-21T12:11:00,web,CA,0
T002120,U0286,D0157,C0040,IP0107,M0023,54.17,2026-02-08T16:14:00,mobile,BR,0
T002121,U0135,D0158,C0598,IP0195,M0081,28.27,2026-02-25T07:52:00,web,BR,1
T002122,U0179,D0124,C0238,IP0093,M0039,211.54,2026-01-26T11:15:00,mobile,BR,0
T002123,U0249,D0126,C0366,IP0201,M0077,69.54,2026-02-14T02:52:00,pos,CA,0
T002124,U0152,D0025,C0295,IP0113,M0015,109.7,2026-02-26T12:34:00,mobile,CA,0
T002125,U0167,D0064,C0181,IP0218,M0015,119.14,2026-01-16T16:50:00,mobile,GB,1
T002126,U0339,D0030,C0132,IP0178,M0051,20.36,2026-02-28T15:57:00,mobile,RU,0
T002127,U0413,D0126,C0241,IP0211,M0088,248.57,2026-02-22T17:55:00,web,GB,0
T002128,U0138,D0130,C0063,IP0111,M0053,46.67,2026-01-26T15:45:00,pos,RU,0
T002129,U0166,D0067,C0401,IP0163,M0053,79.83,2026-01-25T23:32:00,mobile,CA,0
T002130,U0205,D0067,C0498,IP0028,M0035,41.15,2026-01-31T07:04:00,pos,IN,0
T002131,U0174,D0163,C0459,IP0024,M0040,156.68,2026-03-01T01:27:00,mobile,IN,0
T002132,U0294,D0043,C0113,IP0106,M0081,70.66,2026-01-15T08:13:00,pos,NG,0
T002133,U0169,D0034,C0389,IP0011,M0003,37.88,2026-01-04T08:51:00,web,RU,0
T002134,U0361,D0086,C0065,IP0181,M0071,81.04,2026-01-15T14:14:00,pos,US,0
T002135,U0266,D0054,C0204,IP0186,M0069,25.92,2026-02-11T19:29:00,web,RU,0
T002136,U0275,D0102,C0166,IP0118,M0038,94.16,2026-01-30T00:05:00,mobile,GB,0
T002137,U0212,D0056,C0037,IP0128,M0002,93.08,2026-02-17T10:41:00,web,RU,0
T002138,U0482,D0135,C0408,IP0053,M0065,122.06,2026-01-08T23:26:00,mobile,US,0
T002139,U0081,D0073,C0236,IP0155,M0004,100.55,2026-01-21T16:55:00,pos,RU,0
T002140,U0353,D0064,C0127,IP0018,M0035,82.97,2026-02-09T13:25:00,mobile,BR,0
T002141,U0206,D0034,C0079,IP0139,M0011,116.33,2026-02-04T04:05:00,web,NG,0
T002142,U0370,D0107,C0555,IP0011,M0002,154.42,2026-03-01T06:32:00,pos,IN,0
T002143,U0049,D0151,C0621,IP0201,M0025,32.07,2026-01-27T20:00:00,mobile,RU,0
T002144,U0166,D0109,C0281,IP0012,M0039,13.44,2026-02-11T03:49:00,mobile,IN,1
T002145,U0052,D0068,C0299,IP0242,M0049,18.47,2026-01-21T05:45:00,mobile,US,0
T002146,U0114,D0105,C0292,IP0143,M0062,113.76,2026-02-14T11:33:00,pos,NG,0
T002147,U0260,D0063,C0509,IP0196,M0003,40.12,2026-01-01T04:18:00,pos,CA,0
T002148,U0488,D0119,C0111,IP0194,M0063,299.3,2026-01-17T14:23:00,mobile,IN,0
T002149,U0296,D0007,C0458,IP0204,M0030,70.64,2026-02-24T15:30:00,mobile,CA,0
T002150,U0289,D0028,C0148,IP0160,M0043,306.77,2026-01-30T00:09:00,pos,US,0
T002151,U0049,D0144,C0502,IP0087,M0027,417.32,2026-02-15T03:32:00,pos,IN,1
T002152,U0043,D0037,C0485,IP0207,M0079,33.7,2026-02-06T18:32:00,pos,BR,0
T002153,U0430,D0146,C0506,IP0120,M0008,81.22,2026-02-11T02:41:00,mobile,CA,1
T002154,U0160,D0087,C0330,IP0078,M0005,107.82,2026-02-11T15:40:00,pos,NG,0
T002155,U0307,D0105,C0215,IP0003,M0035,26.59,2026-01-03T04:31:00,pos,RU,0
T002156,U0251,D0140,C0242,IP0256,M0041,55.29,2026-02-08T21:26:00,mobile,CA,1
T002157,U0363,D0124,C0436,IP0042,M0014,38.93,2026-02-14T05:20:00,pos,US,0
T002158,U0193,D0033,C0533,IP0007,M0021,66.13,2026-02-12T12:12:00,pos,US,0
T002159,U0086,D0051,C0040,IP0225,M0015,233.57,2026-01-05T17:15:00,mobile,CA,0
T002160,U0088,D0161,C0561,IP0250,M0018,89.85,2026-02-02T03:06:00,mobile,CA,0
T002161,U0005,D0076,C0302,IP0061,M0056,703.58,2026-01-11T23:06:00,pos,BR,0
T002162,U0139,D0134,C0381,IP0166,M0079,69.15,2026-01-05T10:37:00,pos,BR,0
T002163,U0085,D0037,C0210,IP0149,M0067,60.29,2026-01-31T00:36:00,pos,BR,0
T002164,U0191,D0133,C0474,IP0129,M0061,372.79,2026-02-27T06:52:00,web,GB,0
T002165,U0475,D0035,C0486,IP0085,M0068,32.9,2026-01-10T05:17:00,web,GB,0
T002166,U0214,D0046,C0069,IP0077,M0061,88.12,2026-01-09T11:01:00,web,GB,0
T002167,U0360,D0049,C0097,IP0103,M0089,538.96,2026-02-18T23:42:00,pos,CA,0
T002168,U0170,D0025,C0480,IP0032,M0080,106.84,2026-02-25T18:51:00,pos,IN,0
T002169,U0035,D0090,C0644,IP0116,M0045,548.27,2026-01-05T18:28:00,web,IN,0
T002170,U0141,D0073,C0314,IP0219,M0075,118.43,2026-01-12T15:01:00,mobile,NG,0
T002171,U0393,D0104,C0555,IP0131,M0072,214.41,2026-02-16T23:22:00,pos,BR,0
T002172,U0104,D0020,C0222,IP0079,M0014,96.85,2026-01-05T04:48:00,mobile,IN,0
T002173,U0135,D0145,C0535,IP0053,M0017,33.17,2026-01-06T04:55:00,pos,BR,0
T002174,U0393,D0099,C0607,IP0170,M0074,447.11,2026-02-07T08:54:00,pos,GB,0
T002175,U0495,D0158,C0173,IP0243,M0027,119.91,2026-02-14T05:46:00,web,RU,0
T002176,U0119,D0056,C0151,IP0047,M0079,151.98,2026-02-25T23:06:00,web,IN,0
T002177,U0244,D0001,C0054,IP0166,M0010,138.85,2026-01-03T01:03:00,web,NG,0
T002178,U0414,D0073,C0484,IP0170,M0069,116.97,2026-01-04T12:17:00,mobile,GB,0
T002179,U0257,D0031,C0403,IP0124,M0072,155.33,2026-01-18T04:14:00,mobile,RU,0
T002180,U0198,D0122,C0535,IP0182,M0040,95.43,2026-01-16T13:35:00,mobile,NG,0
T002181,U0041,D0155,C0649,IP0110,M0022,40.09,2026-02-18T19:53:00,mobile,BR,0
T002182,U0074,D0112,C0257,IP0227,M0063,171.86,2026-01-06T05:41:00,pos,US,1
T002183,U0286,D0112,C0026,IP0179,M0023,101.01,2026-02-10T22:02:00,mobile,RU,0
T002184,U0239,D0172,C0219,IP0178,M0055,97.52,2026-02-23T23:19:00,pos,NG,0
T002185,U0449,D0049,C0184,IP0196,M0048,85.22,2026-01-28T04:12:00,pos,US,0
T002186,U0101,D0114,C0200,IP0185,M0068,80.88,2026-02-25T14:47:00,web,NG,0
T002187,U0159,D0085,C0260,IP0049,M0048,68.23,2026-01-29T15:10:00,pos,US,0
T002188,U0311,D0070,C0282,IP0018,M0083,514.16,2026-02-21T10:29:00,pos,CA,0
T002189,U0204,D0012,C0641,IP0130,M0036,320.59,2026-01-21T13:32:00,web,NG,0
T002190,U0422,D0008,C0648,IP0242,M0078,287.08,2026-01-09T02:52:00,mobile,CA,0
T002191,U0089,D0122,C0379,IP0054,M0005,136.23,2026-01-25T00:30:00,web,NG,0
T002192,U0458,D0040,C0085,IP0091,M0017,45.81,2026-01-02T13:24:00,mobile,RU,0
T002193,U0434,D0031,C0064,IP0029,M0057,7.77,2026-01-19T14:37:00,mobile,US,0
T002194,U0440,D0140,C0629,IP0143,M0025,489.22,2026-02-27T22:56:00,pos,US,0
T002195,U0171,D0173,C0601,IP0163,M0022,141.71,2026-01-11T16:32:00,pos,GB,0
T002196,U0265,D0004,C0063,IP0207,M0054,238.21,2026-02-12T14:12:00,web,IN,0
T002197,U0423,D0129,C0086,IP0076,M0035,78.88,2026-01-27T08:35:00,web,CA,0
T002198,U0023,D0071,C0518,IP0102,M0089,211.16,2026-01-15T16:46:00,mobile,IN,0
T002199,U0326,D0001,C0575,IP0160,M0036,32.72,2026-02-11T10:48:00,mobile,US,0
T002200,U0175,D0120,C0475,IP0045,M0073,122.87,2026-01-22T21:21:00,web,US,0
T002201,U0471,D0024,C0191,IP0094,M0012,57.22,2026-02-26T10:12:00,mobile,NG,1
T002202,U0321,D0015,C0011,IP0194,M0056,27.18,2026-01-06T00:14:00,web,BR,1
T002203,U0192,D0118,C0316,IP0042,M0032,422.08,2026-02-10T21:01:00,pos,BR,0
T002204,U0483,D0049,C0055,IP0068,M0040,57.84,2026-02-12T21:56:00,mobile,BR,0
T002205,U0147,D0046,C0579,IP0143,M0018,96.15,2026-02-15T03:58:00,mobile,CA,0
T002206,U0116,D0049,C0182,IP0140,M0026,43.63,2026-02-12T04:24:00,mobile,GB,0
T002207,U0358,D0113,C0502,IP0136,M0012,115.75,2026-01-06T20:58:00,mobile,NG,0
T002208,U0187,D0090,C0175,IP0231,M0081,114.49,2026-02-08T18:41:00,web,RU,1
T002209,U0300,D0099,C0583,IP0080,M0069,118.61,2026-01-27T16:58:00,web,BR,0
T002210,U0223,D0089,C0351,IP0148,M0027,80.53,2026-01-25T18:38:00,pos,NG,0
T002211,U0283,D0069,C0216,IP0047,M0066,259.58,2026-02-17T21:49:00,mobile,IN,1
T002212,U0240,D0119,C0530,IP0012,M0070,38.32,2026-03-01T01:57:00,pos,BR,1
T002213,U0096,D0122,C0601,IP0072,M0060,30.43,2026-01-19T15:25:00,mobile,GB,0
T002214,U0289,D0097,C0108,IP0018,M0042,75.21,2026-01-05T14:44:00,pos,GB,0
T002215,U0446,D0003,C0487,IP0082,M0054,632.94,2026-01-15T01:26:00,mobile,GB,0
T002216,U0332,D0026,C0314,IP0096,M0046,97.93,2026-01-07T02:56:00,web,CA,1
T002217,U0280,D0048,C0632,IP0012,M0057,358.6,2026-02-20T00:08:00,mobile,NG,0
T002218,U0295,D0178,C0485,IP0223,M0052,215.92,2026-02-01T17:45:00,web,GB,0
T002219,U0371,D0096,C0411,IP0173,M0062,9.62,2026-01-14T13:21:00,mobile,US,0
T002220,U0498,D0060,C0437,IP0056,M0054,22.39,2026-02-11T22:49:00,mobile,NG,0
T002221,U0206,D0152,C0525,IP0015,M0021,62.03,2026-02-09T02:01:00,web,GB,0
T002222,U0454,D0153,C0143,IP0102,M0073,119.1,2026-01-16T14:38:00,web,BR,0
T002223,U0171,D0014,C0145,IP0047,M0040,22.76,2026-01-15T06:27:00,mobile,CA,0
T002224,U0203,D0043,C0152,IP0236,M0001,55.68,2026-01-24T19:52:00,web,IN,0
T002225,U0155,D0079,C0242,IP0042,M0024,70.98,2026-01-03T10:42:00,web,CA,0
T002226,U0047,D0063,C0569,IP0079,M0088,361.47,2026-01-22T08:53:00,mobile,US,0
T002227,U0245,D0041,C0483,IP0177,M0013,171.54,2026-01-02T00:00:00,pos,BR,1
T002228,U0202,D0179,C0386,IP0109,M0061,206.15,2026-02-18T00:24:00,mobile,BR,1
T002229,U0125,D0025,C0326,IP0199,M0017,105.36,2026-01-19T21:33:00,web,CA,0
T002230,U0396,D0084,C0435,IP0145,M0087,80.35,2026-01-20T09:47:00,pos,CA,0
T002231,U0274,D0019,C0601,IP0178,M0063,118.83,2026-02-28T22:38:00,web,IN,1
T002232,U0454,D0156,C0378,IP0092,M0031,105.68,2026-01-13T09:15:00,mobile,GB,0
T002233,U0257,D0001,C0236,IP0204,M0010,99.68,2026-01-14T12:45:00,web,CA,0
T002234,U0097,D0012,C0446,IP0109,M0039,40.75,2026-02-07T10:26:00,web,GB,0
T002235,U0197,D0168,C0155,IP0093,M0055,101.25,2026-02-04T03:33:00,mobile,GB,0
T002236,U0199,D0173,C0268,IP0247,M0005,131.07,2026-02-03T04:18:00,mobile,IN,0
T002237,U0084,D0102,C0085,IP0055,M0060,234.8,2026-02-23T23:46:00,mobile,BR,0
T002238,U0376,D0026,C0165,IP0208,M0002,65.92,2026-01-13T03:28:00,mobile,IN,0
T002239,U0295,D0130,C0466,IP0197,M0088,41.74,2026-02-28T00:53:00,web,CA,0
T002240,U0335,D0172,C0056,IP0206,M0055,173.82,2026-02-23T14:27:00,mobile,CA,0
T002241,U0133,D0163,C0462,IP0060,M0078,113.46,2026-02-23T09:56:00,pos,GB,0
T002242,U0400,D0122,C0374,IP0172,M0069,63.82,2026-01-31T13:46:00,web,RU,0
T002243,U0092,D0109,C0082,IP0197,M0087,67.71,2026-01-12T08:39:00,web,US,1
T002244,U0173,D0152,C0528,IP0133,M0026,155.77,2026-02-10T02:35:00,pos,BR,0
T002245,U0447,D0117,C0476,IP0223,M0007,95.98,2026-01-28T10:09:00,mobile,US,0
T002246,U0063,D0126,C0052,IP0236,M0047,18.84,2026-01-27T21:02:00,pos,BR,0
T002247,U0190,D0065,C0304,IP0218,M0044,100.85,2026-03-01T15:51:00,web,NG,0
T002248,U0137,D0046,C0428,IP0151,M0046,140.93,2026-01-23T05:41:00,web,CA,0
T002249,U0167,D0077,C0115,IP0019,M0077,385.57,2026-02-15T07:11:00,mobile,BR,0
T002250,U0019,D0137,C0180,IP0203,M0032,56.1,2026-02-10T01:37:00,web,NG,0
T002251,U0049,D0033,C0506,IP0075,M0082,256.24,2026-02-17T10:39:00,mobile,GB,0
T002252,U0177,D0118,C0583,IP0125,M0068,312.61,2026-02-18T17:13:00,mobile,US,0
T002253,U0040,D0084,C0151,IP0191,M0005,138.65,2026-02-18T08:36:00,pos,BR,0
T002254,U0327,D0026,C0081,IP0196,M0066,149.01,2026-02-11T21:15:00,mobile,BR,0
T002255,U0384,D0078,C0023,IP0217,M0052,106.56,2026-01-19T07:20:00,web,BR,1
T002256,U0132,D0168,C0120,IP0041,M0056,75.63,2026-02-06T11:18:00,web,NG,0
T002257,U0134,D0078,C0051,IP0125,M0089,15.37,2026-02-23T09:30:00,mobile,NG,0
T002258,U0243,D0056,C0191,IP0224,M0036,45.75,2026-01-04T13:09:00,mobile,NG,0
T002259,U0344,D0012,C0292,IP0205,M0024,176.68,2026-02-17T09:16:00,mobile,US,0
T002260,U0209,D0054,C0133,IP0010,M0054,88.62,2026-01-05T09:16:00,mobile,GB,0
T002261,U0237,D0154,C0227,IP0163,M0013,429.87,2026-01-05T03:48:00,web,US,0
T002262,U0364,D0084,C0627,IP0114,M0009,46.82,2026-02-11T06:27:00,mobile,BR,1
T002263,U0365,D0156,C0431,IP0236,M0076,168.78,2026-01-26T03:43:00,pos,NG,0
T002264,U0169,D0139,C0572,IP0200,M0061,229.08,2026-02-26T09:06:00,web,GB,0
T002265,U0175,D0082,C0156,IP0178,M0057,246.79,2026-02-21T16:42:00,mobile,RU,0
T002266,U0381,D0128,C0175,IP0108,M0069,50.98,2026-01-30T06:01:00,pos,CA,0
T002267,U0131,D0104,C0586,IP0017,M0085,225.23,2026-02-21T07:01:00,web,BR,0
T002268,U0250,D0144,C0213,IP0177,M0011,413.28,2026-02-14T20:26:00,pos,NG,0
T002269,U0190,D0078,C0463,IP0150,M0041,113.79,2026-02-04T17:48:00,pos,CA,0
T002270,U0016,D0040,C0361,IP0086,M0080,409.53,2026-01-07T08:13:00,pos,CA,1
T002271,U0213,D0006,C0503,IP0146,M0072,134.25,2026-01-28T02:56:00,web,CA,0
T002272,U0472,D0138,C0622,IP0068,M0049,71.19,2026-02-11T06:56:00,web,US,0
T002273,U0203,D0056,C0585,IP0109,M0015,422.91,2026-01-09T20:37:00,mobile,IN,0
T002274,U0443,D0041,C0419,IP0206,M0071,115.69,2026-01-24T14:04:00,mobile,RU,0
T002275,U0112,D0108,C0372,IP0143,M0041,338.89,2026-02-08T03:30:00,pos,US,0
T002276,U0341,D0176,C0549,IP0163,M0065,253.28,2026-01-23T05:51:00,pos,CA,0
T002277,U0116,D0104,C0294,IP0254,M0060,251.43,2026-01-31T11:15:00,mobile,IN,0
T002278,U0474,D0046,C0004,IP0205,M0037,31.43,2026-02-02T20:02:00,pos,RU,1
T002279,U0172,D0119,C0101,IP0089,M0088,305.65,2026-02-25T21:18:00,mobile,NG,0
T002280,U0335,D0108,C0194,IP0215,M0053,26.5,2026-01-04T19:14:00,pos,US,0
T002281,U0317,D0058,C0635,IP0071,M0079,287.17,2026-02-16T06:38:00,pos,US,0
T002282,U0307,D0147,C0333,IP0210,M0003,33.28,2026-01-29T12:56:00,pos,IN,0
T002283,U0086,D0146,C0094,IP0242,M0088,232.61,2026-01-18T22:04:00,mobile,US,0
T002284,U0381,D0154,C0524,IP0200,M0071,549.98,2026-02-19T16:22:00,web,RU,0
T002285,U0468,D0042,C0246,IP0235,M0048,195.8,2026-02-25T09:08:00,web,CA,0
T002286,U0480,D0052,C0301,IP0166,M0017,116.86,2026-01-22T06:54:00,web,US,1
T002287,U0106,D0148,C0251,IP0237,M0059,229.15,2026-02-12T09:48:00,pos,NG,0
T002288,U0228,D0170,C0473,IP0194,M0056,172.39,2026-02-24T05:38:00,pos,BR,1
T002289,U0057,D0155,C0251,IP0170,M0021,21.26,2026-01-25T21:32:00,mobile,BR,1
T002290,U0493,D0018,C0417,IP0004,M0005,68.41,2026-02-23T17:34:00,pos,CA,0
T002291,U0442,D0099,C0267,IP0037,M0054,246.26,2026-02-23T17:35:00,pos,NG,0
T002292,U0062,D0156,C0493,IP0013,M0057,39.09,2026-02-28T21:12:00,pos,US,0
T002293,U0150,D0102,C0410,IP0021,M0047,61.13,2026-01-17T09:06:00,pos,NG,0
T002294,U0323,D0167,C0128,IP0226,M0055,197.4,2026-01-13T08:35:00,web,IN,0
T002295,U0434,D0068,C0376,IP0058,M0022,103.58,2026-01-24T07:25:00,mobile,BR,0
T002296,U0174,D0037,C0216,IP0125,M0062,24.2,2026-01-26T09:04:00,mobile,US,0
T002297,U0169,D0165,C0504,IP0038,M0059,107.22,2026-01-09T00:48:00,web,RU,0
T002298,U0134,D0088,C0456,IP0152,M0089,235.28,2026-02-28T09:37:00,mobile,RU,0
T002299,U0231,D0180,C0282,IP0133,M0073,669.72,2026-01-05T07:32:00,pos,US,0
T002300,U0390,D0036,C0296,IP0076,M0067,64.64,2026-02-12T02:01:00,web,IN,0
T002301,U0451,D0095,C0315,IP0186,M0038,43.24,2026-01-26T20:36:00,pos,IN,0
T002302,U0291,D0163,C0451,IP0157,M0061,199.79,2026-01-31T05:27:00,pos,GB,0
T002303,U0080,D0178,C0623,IP0066,M0019,85.46,2026-01-18T23:00:00,mobile,RU,0
T002304,U0197,D0066,C0217,IP0117,M0004,432.22,2026-02-12T18:06:00,pos,GB,0
T002305,U0076,D0150,C0373,IP0007,M0034,219.6,2026-01-18T23:33:00,pos,NG,0
T002306,U0382,D0133,C0634,IP0208,M0062,40.46,2026-01-06T07:53:00,web,GB,0
T002307,U0330,D0040,C0536,IP0257,M0041,205.42,2026-01-01T22:09:00,mobile,CA,0
T002308,U0444,D0125,C0494,IP0087,M0068,717.89,2026-02-20T13:40:00,web,CA,0
T002309,U0460,D0098,C0067,IP0008,M0086,216.2,2026-02-03T21:12:00,mobile,IN,1
T002310,U0159,D0053,C0285,IP0115,M0020,190.99,2026-02-27T20:17:00,pos,RU,0
T002311,U0374,D0031,C0511,IP0101,M0046,131.41,2026-02-09T00:53:00,mobile,NG,0
T002312,U0468,D0164,C0234,IP0007,M0068,153.23,2026-02-17T00:58:00,pos,IN,0
T002313,U0187,D0171,C0642,IP0017,M0052,37.39,2026-01-01T13:08:00,web,GB,0
T002314,U0260,D0018,C0548,IP0139,M0071,141.52,2026-01-20T06:56:00,pos,NG,0
T002315,U0447,D0021,C0581,IP0029,M0058,38.99,2026-02-05T14:15:00,pos,IN,0
T002316,U0126,D0066,C0251,IP0094,M0089,102.84,2026-01-06T10:56:00,web,BR,0
T002317,U0368,D0117,C0624,IP0091,M0006,99.26,2026-02-02T13:49:00,mobile,NG,0
T002318,U0143,D0024,C0136,IP0098,M0009,147.48,2026-02-09T08:14:00,pos,GB,0
T002319,U0032,D0054,C0600,IP0117,M0032,156.44,2026-02-04T16:11:00,pos,CA,0
T002320,U0238,D0026,C0075,IP0027,M0041,157.46,2026-01-31T05:17:00,web,CA,0
T002321,U0060,D0114,C0203,IP0043,M0061,86.3,2026-02-18T14:00:00,web,NG,0
T002322,U0302,D0056,C0583,IP0250,M0039,1907.55,2026-01-25T23:46:00,web,NG,0
T002323,U0221,D0015,C0200,IP0238,M0080,45.02,2026-01-07T06:09:00,pos,RU,1
T002324,U0326,D0158,C0258,IP0234,M0001,181.86,2026-01-02T03:40:00,mobile,NG,0
T002325,U0139,D0127,C0520,IP0091,M0043,101.51,2026-02-16T04:25:00,mobile,NG,0
T002326,U0146,D0166,C0545,IP0154,M0034,260.43,2026-01-04T19:19:00,web,GB,0
T002327,U0141,D0174,C0641,IP0258,M0040,100.29,2026-02-23T20:03:00,mobile,US,0
T002328,U0388,D0047,C0327,IP0250,M0001,222.87,2026-02-06T07:21:00,pos,CA,1
T002329,U0254,D0042,C0443,IP0092,M0009,93.08,2026-02-21T08:21:00,pos,GB,0
T002330,U0049,D0114,C0552,IP0176,M0082,66.78,2026-02-16T15:47:00,web,IN,0
T002331,U0399,D0028,C0315,IP0119,M0028,30.05,2026-01-15T17:40:00,pos,GB,0
T002332,U0164,D0136,C0308,IP0242,M0014,73.17,2026-02-26T18:41:00,pos,IN,0
T002333,U0293,D0173,C0161,IP0080,M0042,137.33,2026-01-01T13:56:00,web,RU,0
T002334,U0203,D0044,C0161,IP0081,M0079,191.45,2026-02-03T17:36:00,mobile,NG,0
T002335,U0243,D0168,C0235,IP0214,M0035,911.79,2026-02-14T04:11:00,mobile,CA,1
T002336,U0479,D0078,C0314,IP0190,M0019,19.0,2026-02-28T01:23:00,mobile,BR,0
T002337,U0182,D0081,C0436,IP0231,M0040,209.33,2026-02-05T21:21:00,pos,CA,0
T002338,U0391,D0107,C0057,IP0003,M0052,288.41,2026-02-08T12:33:00,mobile,GB,0
T002339,U0331,D0170,C0020,IP0170,M0037,621.85,2026-02-14T13:41:00,pos,IN,1
T002340,U0107,D0170,C0383,IP0132,M0038,110.37,2026-01-07T17:33:00,web,GB,0
T002341,U0219,D0098,C0574,IP0167,M0072,375.71,2026-02-01T15:19:00,pos,IN,0
T002342,U0409,D0056,C0281,IP0258,M0057,19.67,2026-01-31T06:11:00,web,US,0
T002343,U0125,D0042,C0608,IP0167,M0062,161.88,2026-01-16T06:53:00,mobile,US,0
T002344,U0400,D0169,C0499,IP0200,M0089,87.03,2026-02-17T22:47:00,web,GB,0
T002345,U0311,D0151,C0104,IP0193,M0008,56.98,2026-02-24T14:21:00,web,BR,1
T002346,U0176,D0071,C0292,IP0190,M0057,733.77,2026-02-22T11:23:00,web,CA,0
T002347,U0069,D0019,C0156,IP0167,M0053,53.31,2026-02-10T10:28:00,web,NG,0
T002348,U0154,D0147,C0091,IP0103,M0072,154.1,2026-02-23T21:12:00,mobile,IN,0
T002349,U0168,D0147,C0544,IP0134,M0072,71.79,2026-01-31T08:37:00,mobile,BR,0
T002350,U0012,D0036,C0370,IP0035,M0041,75.82,2026-01-25T00:17:00,mobile,BR,0
T002351,U0453,D0055,C0480,IP0095,M0042,102.7,2026-01-28T07:09:00,web,CA,0
T002352,U0186,D0086,C0266,IP0102,M0087,124.92,2026-02-05T01:03:00,mobile,NG,0
T002353,U0383,D0006,C0421,IP0072,M0016,110.36,2026-01-15T04:44:00,mobile,CA,0
T002354,U0413,D0125,C0062,IP0025,M0068,169.31,2026-01-27T06:35:00,pos,GB,0
T002355,U0009,D0145,C0517,IP0224,M0005,190.28,2026-01-14T06:28:00,mobile,RU,0
T002356,U0276,D0126,C0342,IP0145,M0074,38.13,2026-01-05T14:51:00,pos,US,0
T002357,U0377,D0020,C0116,IP0048,M0072,62.07,2026-01-13T01:47:00,pos,IN,0
T002358,U0409,D0132,C0480,IP0045,M0074,75.31,2026-01-18T22:29:00,pos,BR,0
T002359,U0098,D0019,C0477,IP0221,M0036,140.73,2026-02-22T01:51:00,mobile,BR,0
T002360,U0078,D0167,C0187,IP0170,M0010,135.63,2026-01-10T17:48:00,pos,NG,1
T002361,U0174,D0117,C0412,IP0222,M0003,111.31,2026-02-15T14:17:00,pos,GB,0
T002362,U0004,D0160,C0009,IP0200,M0003,48.68,2026-02-04T06:24:00,web,GB,0
T002363,U0219,D0039,C0599,IP0133,M0029,309.96,2026-02-08T13:54:00,pos,RU,1
T002364,U0168,D0137,C0206,IP0235,M0084,162.06,2026-02-10T18:32:00,pos,GB,0
T002365,U0458,D0148,C0152,IP0079,M0025,400.56,2026-01-15T02:42:00,web,GB,1
T002366,U0093,D0026,C0617,IP0014,M0069,137.63,2026-01-31T12:28:00,web,RU,0
T002367,U0066,D0139,C0336,IP0179,M0009,131.55,2026-02-14T15:55:00,mobile,IN,0
T002368,U0337,D0054,C0168,IP0104,M0039,165.57,2026-01-24T13:01:00,mobile,GB,0
T002369,U0120,D0056,C0141,IP0182,M0004,40.07,2026-01-13T07:33:00,mobile,US,0
T002370,U0428,D0097,C0214,IP0014,M0057,462.38,2026-01-20T06:50:00,mobile,US,0
T002371,U0229,D0113,C0211,IP0205,M0026,246.85,2026-02-06T04:19:00,mobile,NG,1
T002372,U0418,D0032,C0519,IP0048,M0023,32.21,2026-02-26T22:13:00,pos,BR,0
T002373,U0265,D0032,C0124,IP0084,M0027,73.0,2026-01-03T06:05:00,mobile,BR,0
T002374,U0310,D0119,C0426,IP0238,M0050,255.55,2026-02-03T19:54:00,web,IN,1
T002375,U0047,D0130,C0262,IP0185,M0062,178.72,2026-01-26T07:52:00,pos,US,0
T002376,U0484,D0117,C0390,IP0009,M0001,94.43,2026-01-28T09:54:00,mobile,CA,0
T002377,U0493,D0026,C0318,IP0182,M0047,55.24,2026-01-28T06:41:00,web,CA,0
T002378,U0485,D0167,C0087,IP0154,M0030,182.21,2026-01-11T22:29:00,pos,BR,0
T002379,U0415,D0100,C0282,IP0242,M0003,545.86,2026-01-12T06:10:00,pos,BR,0
T002380,U0460,D0083,C0255,IP0024,M0019,938.19,2026-01-09T03:30:00,web,NG,1
T002381,U0005,D0033,C0482,IP0080,M0018,96.9,2026-02-16T06:23:00,web,US,0
T002382,U0306,D0054,C0633,IP0151,M0048,132.26,2026-01-16T09:25:00,mobile,RU,1
T002383,U0081,D0108,C0532,IP0089,M0023,85.62,2026-01-07T07:14:00,web,BR,0
T002384,U0415,D0172,C0113,IP0093,M0047,947.66,2026-02-17T13:22:00,web,US,1
T002385,U0255,D0053,C0641,IP0157,M0052,80.4,2026-01-14T09:47:00,mobile,RU,0
T002386,U0136,D0160,C0027,IP0165,M0004,538.05,2026-02-02T23:17:00,mobile,US,0
T002387,U0456,D0121,C0418,IP0018,M0019,149.86,2026-02-06T05:01:00,web,NG,0
T002388,U0194,D0154,C0103,IP0087,M0021,127.71,2026-01-03T03:03:00,web,GB,0
T002389,U0460,D0058,C0068,IP0048,M0054,117.06,2026-02-11T16:12:00,web,CA,0
T002390,U0238,D0107,C0618,IP0226,M0018,88.15,2026-01-02T14:31:00,pos,US,0
T002391,U0160,D0122,C0132,IP0241,M0033,18.12,2026-02-20T07:42:00,mobile,BR,0
T002392,U0277,D0094,C0505,IP0050,M0062,70.88,2026-02-13T16:15:00,pos,RU,1
T002393,U0437,D0147,C0225,IP0101,M0017,78.13,2026-01-07T15:02:00,pos,IN,0
T002394,U0413,D0037,C0085,IP0116,M0085,1444.36,2026-01-14T09:37:00,pos,US,0
T002395,U0368,D0104,C0108,IP0145,M0079,231.9,2026-02-15T04:38:00,web,IN,0
T002396,U0129,D0048,C0474,IP0155,M0043,134.33,2026-01-21T02:37:00,pos,NG,0
T002397,U0267,D0133,C0336,IP0137,M0017,923.94,2026-02-21T10:46:00,mobile,GB,0
T002398,U0339,D0038,C0648,IP0018,M0050,50.95,2026-02-04T00:58:00,web,RU,0
T002399,U0102,D0047,C0035,IP0008,M0019,537.63,2026-01-28T07:37:00,web,IN,0
T002400,U0204,D0083,C0493,IP0006,M0074,133.79,2026-01-25T20:02:00,mobile,RU,0
T002401,U0177,D0049,C0220,IP0208,M0058,155.43,2026-01-10T13:45:00,mobile,NG,0
T002402,U0135,D0140,C0287,IP0226,M0016,43.16,2026-01-24T13:15:00,pos,RU,0
T002403,U0264,D0087,C0262,IP0173,M0024,106.75,2026-02-14T13:44:00,mobile,RU,0
T002404,U0447,D0125,C0099,IP0234,M0085,77.51,2026-01-26T06:54:00,pos,RU,0
T002405,U0176,D0133,C0375,IP0135,M0009,49.63,2026-02-03T08:46:00,mobile,BR,0
T002406,U0014,D0140,C0233,IP0065,M0013,59.38,2026-02-10T18:05:00,mobile,RU,0
T002407,U0057,D0031,C0356,IP0152,M0017,16.99,2026-01-01T21:35:00,mobile,CA,0
T002408,U0224,D0142,C0187,IP0043,M0065,20.03,2026-01-15T05:45:00,mobile,RU,0
T002409,U0482,D0131,C0228,IP0100,M0019,647.7,2026-01-15T02:40:00,web,IN,0
T002410,U0376,D0091,C0544,IP0078,M0073,36.85,2026-02-06T23:07:00,pos,US,0
T002411,U0410,D0137,C0236,IP0186,M0070,221.33,2026-02-03T07:56:00,pos,NG,0
T002412,U0086,D0096,C0170,IP0082,M0013,57.23,2026-02-14T15:50:00,pos,BR,0
T002413,U0440,D0159,C0554,IP0116,M0020,99.2,2026-01-10T15:43:00,pos,CA,0
T002414,U0440,D0052,C0411,IP0143,M0007,208.54,2026-01-11T15:50:00,mobile,CA,0
T002415,U0462,D0134,C0480,IP0216,M0061,181.59,2026-01-02T12:31:00,mobile,IN,0
T002416,U0370,D0077,C0258,IP0001,M0010,388.35,2026-02-17T07:28:00,pos,NG,0
T002417,U0343,D0080,C0609,IP0107,M0079,31.84,2026-02-05T12:15:00,web,US,0
T002418,U0387,D0106,C0493,IP0072,M0019,73.45,2026-02-26T22:20:00,web,RU,0
T002419,U0498,D0063,C0430,IP0201,M0021,133.7,2026-01-06T07:43:00,mobile,NG,0
T002420,U0100,D0064,C0232,IP0180,M0010,128.66,2026-01-25T00:04:00,mobile,IN,0
T002421,U0458,D0103,C0156,IP0064,M0075,449.92,2026-01-31T05:24:00,web,CA,1
T002422,U0073,D0173,C0012,IP0142,M0042,261.74,2026-01-11T17:13:00,pos,US,0
T002423,U0267,D0080,C0613,IP0053,M0081,100.93,2026-01-21T20:58:00,mobile,IN,0
T002424,U0339,D0113,C0555,IP0153,M0016,57.47,2026-01-05T21:31:00,pos,NG,0
T002425,U0233,D0040,C0279,IP0037,M0044,152.22,2026-01-22T07:56:00,web,CA,0
T002426,U0430,D0066,C0478,IP0058,M0081,58.02,2026-01-09T20:12:00,mobile,NG,0
T002427,U0087,D0178,C0231,IP0250,M0038,67.78,2026-01-11T12:56:00,pos,US,0
T002428,U0046,D0155,C0507,IP0186,M0031,106.58,2026-02-28T14:11:00,pos,CA,0
T002429,U0216,D0015,C0283,IP0054,M0036,92.87,2026-01-18T19:37:00,mobile,BR,1
T002430,U0261,D0085,C0258,IP0215,M0086,35.32,2026-02-22T22:13:00,mobile,US,0
T002431,U0007,D0026,C0600,IP0249,M0032,39.27,2026-01-25T01:53:00,mobile,IN,0
T002432,U0303,D0112,C0500,IP0137,M0014,84.09,2026-02-05T18:10:00,pos,NG,0
T002433,U0429,D0145,C0532,IP0193,M0078,221.94,2026-02-15T20:08:00,pos,CA,0
T002434,U0022,D0155,C0101,IP0056,M0076,203.96,2026-02-02T23:12:00,pos,US,0
T002435,U0061,D0062,C0619,IP0185,M0075,257.42,2026-02-06T04:37:00,mobile,RU,0
T002436,U0202,D0011,C0451,IP0178,M0083,375.02,2026-01-11T07:40:00,mobile,NG,1
T002437,U0443,D0134,C0644,IP0020,M0052,7.03,2026-02-12T10:36:00,pos,RU,0
T002438,U0222,D0172,C0581,IP0014,M0028,141.58,2026-01-03T20:48:00,web,US,0
T002439,U0323,D0085,C0423,IP0051,M0038,118.36,2026-01-14T00:48:00,web,BR,1
T002440,U0234,D0065,C0353,IP0184,M0088,69.26,2026-01-15T16:24:00,mobile,IN,0
T002441,U0142,D0115,C0470,IP0025,M0042,47.12,2026-01-06T02:16:00,pos,BR,0
T002442,U0135,D0042,C0561,IP0108,M0072,273.53,2026-01-12T07:44:00,pos,GB,0
T002443,U0380,D0103,C0512,IP0179,M0023,87.27,2026-01-05T18:45:00,web,GB,0
T002444,U0181,D0158,C0314,IP0117,M0041,36.1,2026-02-18T19:28:00,web,BR,0
T002445,U0047,D0164,C0637,IP0208,M0041,66.54,2026-02-17T00:09:00,mobile,BR,0
T002446,U0096,D0098,C0498,IP0104,M0034,75.37,2026-01-26T21:04:00,mobile,GB,0
T002447,U0413,D0113,C0173,IP0186,M0021,68.6,2026-02-09T23:51:00,mobile,US,0
T002448,U0058,D0049,C0574,IP0159,M0065,418.28,2026-02-14T20:00:00,mobile,RU,0
T002449,U0287,D0138,C0634,IP0092,M0051,494.53,2026-02-19T12:59:00,pos,US,0
T002450,U0102,D0024,C0415,IP0047,M0077,178.98,2026-01-23T19:11:00,mobile,IN,0
T002451,U0367,D0088,C0137,IP0182,M0051,450.76,2026-02-26T10:58:00,mobile,US,0
T002452,U0433,D0076,C0231,IP0043,M0042,236.59,2026-01-14T01:40:00,mobile,RU,1
T002453,U0021,D0063,C0281,IP0080,M0086,104.97,2026-02-22T10:06:00,web,CA,0
T002454,U0115,D0178,C0232,IP0113,M0032,538.99,2026-02-17T03:44:00,mobile,BR,0
T002455,U0416,D0056,C0304,IP0075,M0002,187.2,2026-01-01T08:22:00,web,US,0
T002456,U0440,D0157,C0425,IP0248,M0057,55.65,2026-01-31T01:39:00,pos,NG,0
T002457,U0291,D0050,C0532,IP0212,M0024,175.51,2026-02-03T23:36:00,pos,CA,0
T002458,U0322,D0148,C0373,IP0199,M0034,121.23,2026-01-01T03:30:00,mobile,CA,0
T002459,U0190,D0094,C0554,IP0121,M0041,288.24,2026-01-10T03:18:00,mobile,US,0
T002460,U0491,D0178,C0253,IP0069,M0042,60.94,2026-01-11T01:04:00,pos,NG,1
T002461,U0066,D0025,C0322,IP0244,M0069,361.84,2026-02-20T18:34:00,web,RU,1
T002462,U0424,D0155,C0568,IP0117,M0045,187.69,2026-01-04T09:24:00,web,CA,0
T002463,U0138,D0148,C0634,IP0028,M0059,121.31,2026-02-16T17:44:00,mobile,CA,0
T002464,U0303,D0112,C0023,IP0034,M0022,27.21,2026-02-01T22:47:00,pos,CA,0
T002465,U0287,D0167,C0489,IP0030,M0045,225.42,2026-02-24T08:27:00,pos,IN,0
T002466,U0033,D0175,C0283,IP0182,M0009,113.9,2026-02-28T14:32:00,pos,GB,0
T002467,U0486,D0008,C0137,IP0252,M0056,8.09,2026-01-03T10:00:00,mobile,IN,0
T002468,U0339,D0116,C0312,IP0159,M0069,656.19,2026-01-26T16:36:00,mobile,IN,0
T002469,U0292,D0131,C0553,IP0209,M0019,25.38,2026-01-09T14:31:00,pos,NG,1
T002470,U0162,D0002,C0602,IP0028,M0046,143.47,2026-01-15T18:19:00,web,RU,1
T002471,U0037,D0158,C0424,IP0033,M0068,386.85,2026-02-21T19:12:00,pos,IN,0
T002472,U0376,D0050,C0184,IP0128,M0077,274.8,2026-02-11T18:15:00,web,US,0
T002473,U0333,D0127,C0092,IP0062,M0043,377.4,2026-01-10T04:36:00,web,CA,0
T002474,U0294,D0180,C0391,IP0199,M0053,172.59,2026-02-20T16:08:00,pos,CA,0
T002475,U0071,D0088,C0319,IP0094,M0013,799.13,2026-02-06T11:57:00,mobile,IN,0
T002476,U0363,D0111,C0093,IP0130,M0064,77.55,2026-02-24T12:24:00,web,GB,0
T002477,U0206,D0052,C0649,IP0117,M0045,102.27,2026-02-07T19:45:00,web,GB,0
T002478,U0232,D0025,C0621,IP0132,M0003,92.11,2026-01-05T17:57:00,web,NG,0
T002479,U0031,D0175,C0173,IP0192,M0013,39.03,2026-02-03T04:49:00,web,NG,1
T002480,U0007,D0002,C0314,IP0168,M0050,241.03,2026-02-24T00:55:00,web,RU,1
T002481,U0464,D0146,C0177,IP0192,M0009,37.96,2026-02-12T07:09:00,web,BR,1
T002482,U0318,D0128,C0224,IP0094,M0069,138.84,2026-02-06T10:33:00,mobile,US,0
T002483,U0447,D0175,C0384,IP0080,M0077,205.58,2026-01-29T09:32:00,pos,IN,0
T002484,U0457,D0113,C0153,IP0091,M0065,271.03,2026-01-06T08:26:00,mobile,US,0
T002485,U0319,D0010,C0299,IP0062,M0040,104.24,2026-01-13T05:27:00,web,GB,0
T002486,U0350,D0047,C0510,IP0086,M0013,417.29,2026-03-01T16:41:00,web,NG,0
T002487,U0080,D0157,C0562,IP0173,M0059,71.86,2026-01-19T23:10:00,mobile,RU,0
T002488,U0230,D0030,C0253,IP0034,M0044,311.86,2026-01-12T16:54:00,mobile,IN,0
T002489,U0123,D0126,C0043,IP0097,M0052,560.02,2026-01-05T04:02:00,mobile,US,0
T002490,U0470,D0123,C0094,IP0051,M0067,941.44,2026-01-20T07:13:00,pos,BR,0
T002491,U0165,D0135,C0206,IP0202,M0070,296.97,2026-02-14T21:30:00,mobile,GB,0
T002492,U0070,D0115,C0642,IP0102,M0038,524.54,2026-01-02T19:55:00,mobile,CA,0
T002493,U0223,D0097,C0025,IP0043,M0063,107.64,2026-01-01T19:49:00,mobile,US,0
T002494,U0165,D0144,C0399,IP0248,M0079,76.21,2026-01-06T14:01:00,mobile,CA,0
T002495,U0403,D0074,C0043,IP0029,M0068,113.13,2026-02-27T00:34:00,web,US,0
T002496,U0158,D0151,C0322,IP0089,M0083,731.11,2026-01-14T08:34:00,pos,US,0
T002497,U0274,D0008,C0395,IP0025,M0039,68.17,2026-03-01T01:40:00,web,GB,0
T002498,U0494,D0138,C0445,IP0027,M0088,247.47,2026-02-01T05:04:00,pos,NG,0
T002499,U0269,D0046,C0046,IP0190,M0088,295.91,2026-01-19T18:47:00,web,US,0
T002500,U0235,D0048,C0075,IP0114,M0041,1002.23,2026-02-18T16:05:00,pos,IN,0
